unit_id,keyword_id
00ab-41c4-cf52-4ad2,agamatus-custodians
00ab-41c4-cf52-4ad2,faction:-adeptus-custodes
00ab-41c4-cf52-4ad2,fly
00ab-41c4-cf52-4ad2,imperium
00ab-41c4-cf52-4ad2,mounted
03bc-0141-b967-40e0,aquilon-custodians
03bc-0141-b967-40e0,faction:-adeptus-custodes
03bc-0141-b967-40e0,imperium
03bc-0141-b967-40e0,infantry
03bc-0141-b967-40e0,terminator
04cc-6196-1755-ad58,acolyte-hybrids
04cc-6196-1755-ad58,acolyte-hybrids-with-autopistols
04cc-6196-1755-ad58,battleline
04cc-6196-1755-ad58,faction:-genestealer-cults
04cc-6196-1755-ad58,great-devourer
04cc-6196-1755-ad58,grenades
04cc-6196-1755-ad58,infantry
06f6-b870-4e43-4ed9,battleline
06f6-b870-4e43-4ed9,chaos
06f6-b870-4e43-4ed9,daemon
06f6-b870-4e43-4ed9,daemonettes
06f6-b870-4e43-4ed9,faction:-legions-of-excess
06f6-b870-4e43-4ed9,infantry
06f6-b870-4e43-4ed9,slaanesh
06f6-b870-4e43-4ed9,summoned
0744-61ce-619d-ffe1,battleline
0744-61ce-619d-ffe1,deathwatch
0744-61ce-619d-ffe1,faction:-agents-of-the-imperium
0744-61ce-619d-ffe1,grenades
0744-61ce-619d-ffe1,imperium
0744-61ce-619d-ffe1,infantry
0744-61ce-619d-ffe1,kill-team
0744-61ce-619d-ffe1,ordo-xenos
0744-61ce-619d-ffe1,retinue
09d3-6357-7888-00d9,einhyr-hearthguard
09d3-6357-7888-00d9,exoarmour
09d3-6357-7888-00d9,faction:-leagues-of-votann
09d3-6357-7888-00d9,infantry
0b74-440c-ee1d-ca50,deathwatch
0b74-440c-ee1d-ca50,deathwatch-terminator-squad
0b74-440c-ee1d-ca50,imperium
0b74-440c-ee1d-ca50,infantry
0b74-440c-ee1d-ca50,terminator
0f93-6850-8f14-a351,faction:-adeptus-astartes
0f93-6850-8f14-a351,faction:-space-wolves
0f93-6850-8f14-a351,infantry
1117-cda-7f74-196b,faction:-adeptus-astartes
1117-cda-7f74-196b,grenades
1117-cda-7f74-196b,imperium
1117-cda-7f74-196b,infantry
1117-cda-7f74-196b,scout-squad
1117-cda-7f74-196b,smoke
112d-8078-777f-76a5,chaos
112d-8078-777f-76a5,daemon
112d-8078-777f-76a5,faction:-legiones-daemonica
112d-8078-777f-76a5,mounted
112d-8078-777f-76a5,seekers
112d-8078-777f-76a5,shadow-legion
112d-8078-777f-76a5,slaanesh
112d-8078-777f-76a5,slaanesh-non-battleline
1267-78f1-7774-859,battleline
1267-78f1-7774-859,chaos
1267-78f1-7774-859,cultist-mob
1267-78f1-7774-859,damned
1267-78f1-7774-859,faction:-heretic-astartes
1267-78f1-7774-859,grenades
1267-78f1-7774-859,infantry
129d-2da5-66f3-f4ec,aggressor-squad
129d-2da5-66f3-f4ec,faction:-adeptus-astartes
129d-2da5-66f3-f4ec,gravis
129d-2da5-66f3-f4ec,imperium
129d-2da5-66f3-f4ec,infantry
1502-bae3-93b4-c89a,faction:-astra-militarum
1502-bae3-93b4-c89a,imperium
1502-bae3-93b4-c89a,tarantula-battery
1502-bae3-93b4-c89a,vehicle
1529-793d-481b-82bf,aeldari
1529-793d-481b-82bf,faction:-drukhari
1529-793d-481b-82bf,incubi
1529-793d-481b-82bf,infantry
15c0-9294-7eb8-f3a7,faction:-agents-of-the-imperium
15c0-9294-7eb8-f3a7,grenades
15c0-9294-7eb8-f3a7,grey-knights-terminator-squad
15c0-9294-7eb8-f3a7,imperium
15c0-9294-7eb8-f3a7,infantry
15c0-9294-7eb8-f3a7,ordo-malleus
15c0-9294-7eb8-f3a7,psyker
15c0-9294-7eb8-f3a7,requisitioned
15c0-9294-7eb8-f3a7,terminator
1645-5407-92c8-1441,faction:-tyranids
1645-5407-92c8-1441,great-devourer
1645-5407-92c8-1441,infantry
1645-5407-92c8-1441,tyrant-guard
1669-d311-eff9-243b,faction:-astra-militarum
1669-d311-eff9-243b,grenades
1669-d311-eff9-243b,imperium
1669-d311-eff9-243b,infantry
1669-d311-eff9-243b,krieg-heavy-weapons-squad
1669-d311-eff9-243b,regiment
1703-3edd-5eb3-fcef,chaos
1703-3edd-5eb3-fcef,faction:-thousand-sons
1703-3edd-5eb3-fcef,fly
1703-3edd-5eb3-fcef,mounted
1703-3edd-5eb3-fcef,mutant
1703-3edd-5eb3-fcef,tzaangor-enlightened
1703-3edd-5eb3-fcef,tzeentch
1780-25b8-ce0b-898d,character
1780-25b8-ce0b-898d,damned
1780-25b8-ce0b-898d,faction:-heretic-astartes
183e-f3bb-3ce6-7b55,chaos
183e-f3bb-3ce6-7b55,faction:-emperor's-children
183e-f3bb-3ce6-7b55,flawless-blades
183e-f3bb-3ce6-7b55,grenades
183e-f3bb-3ce6-7b55,infantry
183e-f3bb-3ce6-7b55,slaanesh
1b9e-e164-7a5a-c8b7,chaos
1b9e-e164-7a5a-c8b7,daemon
1b9e-e164-7a5a-c8b7,faction:-legiones-daemonica
1b9e-e164-7a5a-c8b7,fly
1b9e-e164-7a5a-c8b7,furies
1b9e-e164-7a5a-c8b7,infantry
1b9e-e164-7a5a-c8b7,shadow-legion
1d02-5302-f162-65d6,character
1d02-5302-f162-65d6,faction:-astra-militarum
1d02-5302-f162-65d6,grenades
1d02-5302-f162-65d6,imperium
1d02-5302-f162-65d6,infantry
1d02-5302-f162-65d6,krieg
1d02-5302-f162-65d6,quartermaster-cadre-squad
1d02-5302-f162-65d6,regiment
1d85-475f-5ab-9823,beast
1d85-475f-5ab-9823,chaos
1d85-475f-5ab-9823,faction:-death-guard
1d85-475f-5ab-9823,nurgle
1d85-475f-5ab-9823,spawn
1de2-b57b-aa0a-1f0d,faction:-tyranids
1de2-b57b-aa0a-1f0d,great-devourer
1de2-b57b-aa0a-1f0d,harvester
1de2-b57b-aa0a-1f0d,ripper-swarm
1de2-b57b-aa0a-1f0d,swarm
1de9-b138-28a1-9c4b,faction:-orks
1de9-b138-28a1-9c4b,flash-gitz
1de9-b138-28a1-9c4b,grenades
1de9-b138-28a1-9c4b,infantry
1e3f-209d-798f-3a42,faction:-leagues-of-votann
1e3f-209d-798f-3a42,infantry
1e3f-209d-798f-3a42,ironkin-steeljacks
1e3f-209d-798f-3a42,ironkin-steeljacks-with-heavy-volkanite-disintegrators
201e-e502-a8d1-3974,faction:-adeptus-custodes
201e-e502-a8d1-3974,fly
201e-e502-a8d1-3974,imperium
201e-e502-a8d1-3974,infantry
201e-e502-a8d1-3974,jump-pack
201e-e502-a8d1-3974,venatari-custodians
203d-c50f-a438-4982,chaos
203d-c50f-a438-4982,chaos-terminator-squad
203d-c50f-a438-4982,faction:-heretic-astartes
203d-c50f-a438-4982,infantry
203d-c50f-a438-4982,terminator
206c-6b4d-4aaa-7e79,faction:-adeptus-astartes
206c-6b4d-4aaa-7e79,faction:-black-templars
206c-6b4d-4aaa-7e79,grenades
206c-6b4d-4aaa-7e79,imperium
206c-6b4d-4aaa-7e79,infantry
206c-6b4d-4aaa-7e79,primaris-sword-brethren
206c-6b4d-4aaa-7e79,tacticus
212d-f302-aaaf-5c12,faction:-adeptus-astartes
212d-f302-aaaf-5c12,faction:-dark-angels
212d-f302-aaaf-5c12,grenades
212d-f302-aaaf-5c12,imperium
212d-f302-aaaf-5c12,mounted
212d-f302-aaaf-5c12,ravenwing
212d-f302-aaaf-5c12,ravenwing-black-knights
2183-5b38-1726-2a11,cult-mechanicus
2183-5b38-1726-2a11,faction:-adeptus-mechanicus
2183-5b38-1726-2a11,imperium
2183-5b38-1726-2a11,infantry
2183-5b38-1726-2a11,servitors
21f1-8ed6-52c6-54c7,epic-hero
21f1-8ed6-52c6-54c7,faction:-adepta-sororitas
21f1-8ed6-52c6-54c7,fly
21f1-8ed6-52c6-54c7,grenades
21f1-8ed6-52c6-54c7,imperium
21f1-8ed6-52c6-54c7,infantry
21f1-8ed6-52c6-54c7,jump-pack
2299-bed9-3e-2b60,faction:-astra-militarum
2299-bed9-3e-2b60,grenades
2299-bed9-3e-2b60,imperium
2299-bed9-3e-2b60,mounted
2299-bed9-3e-2b60,regiment
22f0-a7d8-b2b6-e26,faction:-adepta-sororitas
22f0-a7d8-b2b6-e26,fly
22f0-a7d8-b2b6-e26,grenades
22f0-a7d8-b2b6-e26,imperium
22f0-a7d8-b2b6-e26,infantry
22f0-a7d8-b2b6-e26,jump-pack
22f0-a7d8-b2b6-e26,zephyrim-squad
2311-9feb-9d0a-8154,aeldari
2311-9feb-9d0a-8154,faction:-drukhari
2311-9feb-9d0a-8154,fly
2311-9feb-9d0a-8154,hellions
2311-9feb-9d0a-8154,mounted
2311-9feb-9d0a-8154,wych-cult
2311-fa63-364-22a3,chaos
2311-fa63-364-22a3,daemon
2311-fa63-364-22a3,faction:-heretic-astartes
2311-fa63-364-22a3,infantry
2311-fa63-364-22a3,obliterators
23aa-b45a-6d5d-e92b,accursed-cultists
23aa-b45a-6d5d-e92b,chaos
23aa-b45a-6d5d-e92b,damned
23aa-b45a-6d5d-e92b,faction:-heretic-astartes
23aa-b45a-6d5d-e92b,infantry
2408-cf76-fe11-c6da,character
2408-cf76-fe11-c6da,command-squad
2408-cf76-fe11-c6da,faction:-astra-militarum
2408-cf76-fe11-c6da,grenades
2408-cf76-fe11-c6da,hell's-last
2408-cf76-fe11-c6da,imperium
2408-cf76-fe11-c6da,infantry
2408-cf76-fe11-c6da,platoon
240f-70a4-7ba7-a538,aeldari
240f-70a4-7ba7-a538,aspect-warrior
240f-70a4-7ba7-a538,faction:-asuryani
240f-70a4-7ba7-a538,fly
240f-70a4-7ba7-a538,grenades
240f-70a4-7ba7-a538,infantry
240f-70a4-7ba7-a538,jump-pack
240f-70a4-7ba7-a538,swooping-hawks
240f-70a4-7ba7-a538,ynnari
24c4-fa24-67ff-eef,chaos
24c4-fa24-67ff-eef,damned
24c4-fa24-67ff-eef,faction:-heretic-astartes
24c4-fa24-67ff-eef,infantry
24c4-fa24-67ff-eef,renegade-ogryn-brutes
24d5-9987-4d2-b42b,battleline
24d5-9987-4d2-b42b,grenades
24d5-9987-4d2-b42b,imperial-navy-breachers
24d5-9987-4d2-b42b,imperium
24d5-9987-4d2-b42b,infantry
24d5-9987-4d2-b42b,retinue
24d5-9987-4d2-b42b,smoke
24d5-9987-4d2-b42b,voidfarers
2544-5189-7806-30f3,faction:-adeptus-astartes
2544-5189-7806-30f3,faction:-deathwatch
2544-5189-7806-30f3,grenades
2544-5189-7806-30f3,imperium
2544-5189-7806-30f3,infantry
2544-5189-7806-30f3,kill-team
2544-5189-7806-30f3,phobos
2544-5189-7806-30f3,smoke
2544-5189-7806-30f3,spectrus-kill-team
2582-676d-fc9f-c146,epic-hero
2582-676d-fc9f-c146,faction:-t'au-empire
2598-d700-9952-e439,faction:-t'au-empire
2598-d700-9952-e439,grenades
2598-d700-9952-e439,infantry
2598-d700-9952-e439,markerlight
2598-d700-9952-e439,pathfinder-team
259b-a8e3-928f-1d0c,canoptek
259b-a8e3-928f-1d0c,faction:-necrons
259b-a8e3-928f-1d0c,fly
259b-a8e3-928f-1d0c,scarab-swarms
259b-a8e3-928f-1d0c,swarm
25e4-ead-faac-2531,faction:-adeptus-astartes
25e4-ead-faac-2531,faction:-blood-angels
25e4-ead-faac-2531,fly
25e4-ead-faac-2531,grenades
25e4-ead-faac-2531,imperium
25e4-ead-faac-2531,infantry
25e4-ead-faac-2531,jump-pack
25e4-ead-faac-2531,sanguinary-guard
2659-7a1b-3ce6-8e4b,aeldari
2659-7a1b-3ce6-8e4b,battleline
2659-7a1b-3ce6-8e4b,faction:-drukhari
2659-7a1b-3ce6-8e4b,haemonculus-covens
2659-7a1b-3ce6-8e4b,infantry
2659-7a1b-3ce6-8e4b,wracks
2693-0f93-e1d8-f300,chaos
2693-0f93-e1d8-f300,damned
2693-0f93-e1d8-f300,faction:-heretic-astartes
2693-0f93-e1d8-f300,fellgor-beastmen
2693-0f93-e1d8-f300,grenades
2693-0f93-e1d8-f300,infantry
2a8a-522d-51e4-3abc,centurion
2a8a-522d-51e4-3abc,centurion-assault-squad
2a8a-522d-51e4-3abc,faction:-adeptus-astartes
2a8a-522d-51e4-3abc,imperium
2a8a-522d-51e4-3abc,infantry
2ad8-b5f2-1b54-0eb8,beast
2ad8-b5f2-1b54-0eb8,chaos
2ad8-b5f2-1b54-0eb8,damned
2ad8-b5f2-1b54-0eb8,faction:-heretic-astartes
2ad8-b5f2-1b54-0eb8,renegade-ogryn-beast-handler
2add-0a08-fbef-8f5e,faction:-leagues-of-votann
2add-0a08-fbef-8f5e,infantry
2add-0a08-fbef-8f5e,ironkin-steeljacks
2add-0a08-fbef-8f5e,ironkin-steeljacks-with-melee-weapons
2c3a-9752-2516-69ab,aeldari
2c3a-9752-2516-69ab,faction:-drukhari
2c3a-9752-2516-69ab,fly
2c3a-9752-2516-69ab,mounted
2c3a-9752-2516-69ab,reavers
2c3a-9752-2516-69ab,wych-cult
2d6e-aa3b-c28c-5ef0,deffkoptas
2d6e-aa3b-c28c-5ef0,faction:-orks
2d6e-aa3b-c28c-5ef0,fly
2d6e-aa3b-c28c-5ef0,grenades
2d6e-aa3b-c28c-5ef0,speed-freeks
2d6e-aa3b-c28c-5ef0,vehicle
2da2-ad08-6057-5a1c,battleline
2da2-ad08-6057-5a1c,crusader-squad
2da2-ad08-6057-5a1c,faction:-adeptus-astartes
2da2-ad08-6057-5a1c,faction:-black-templars
2da2-ad08-6057-5a1c,grenades
2da2-ad08-6057-5a1c,imperium
2da2-ad08-6057-5a1c,infantry
2de0-5897-f724-a592,beast
2de0-5897-f724-a592,beasts-of-nurgle
2de0-5897-f724-a592,chaos
2de0-5897-f724-a592,daemon
2de0-5897-f724-a592,faction:-legiones-daemonica
2de0-5897-f724-a592,nurgle
2de0-5897-f724-a592,nurgle-non-battleline
2de0-5897-f724-a592,shadow-legion
2dfd-cddb-9fef-494b,chaos
2dfd-cddb-9fef-494b,faction:-death-guard
2dfd-cddb-9fef-494b,mutoid-vermin
2dfd-cddb-9fef-494b,nurgle
2dfd-cddb-9fef-494b,swarm
2f2e-d99b-b235-163a,company-heroes
2f2e-d99b-b235-163a,faction:-adeptus-astartes
2f2e-d99b-b235-163a,grenades
2f2e-d99b-b235-163a,imperium
2f2e-d99b-b235-163a,infantry
2f2e-d99b-b235-163a,tacticus
2f31-9132-b703-5fd8,bloodcrushers
2f31-9132-b703-5fd8,chaos
2f31-9132-b703-5fd8,daemon
2f31-9132-b703-5fd8,faction:-legiones-daemonica
2f31-9132-b703-5fd8,khorne
2f31-9132-b703-5fd8,khorne-non-battleline
2f31-9132-b703-5fd8,mounted
2f31-9132-b703-5fd8,shadow-legion
2fa7-e488-c012-4af1,artillery
2fa7-e488-c012-4af1,faction:-adeptus-astartes
2fa7-e488-c012-4af1,imperium
2fa7-e488-c012-4af1,thunderfire-cannon
2fa7-e488-c012-4af1,vehicle
303-267f-e45c-6aa9,faction:-orks
303-267f-e45c-6aa9,grenades
303-267f-e45c-6aa9,infantry
303-267f-e45c-6aa9,kommandos
303-267f-e45c-6aa9,smoke
3053-c0c1-aedd-b211,dragoons-with-taser-lances
3053-c0c1-aedd-b211,faction:-adeptus-mechanicus
3053-c0c1-aedd-b211,imperium
3053-c0c1-aedd-b211,skitarii
3053-c0c1-aedd-b211,smoke
3053-c0c1-aedd-b211,sydonian
3053-c0c1-aedd-b211,vehicle
3053-c0c1-aedd-b211,walker
31ec-a804-92ad-97,artillery
31ec-a804-92ad-97,faction:-astra-militarum
31ec-a804-92ad-97,grenades
31ec-a804-92ad-97,imperium
31ec-a804-92ad-97,infantry
31ec-a804-92ad-97,rapier-laser-destroyer-battery
31ec-a804-92ad-97,regiment
325e-1297-4d00-1f75,death-cult-assassins
325e-1297-4d00-1f75,faction:-adepta-sororitas
325e-1297-4d00-1f75,imperium
325e-1297-4d00-1f75,infantry
327d-a6df-26b-bb9b,faction:-adepta-sororitas
327d-a6df-26b-bb9b,imperium
327d-a6df-26b-bb9b,penitent
327d-a6df-26b-bb9b,penitent-engines
327d-a6df-26b-bb9b,vehicle
327d-a6df-26b-bb9b,walker
3597-3243-6870-70a1,artillery
3597-3243-6870-70a1,faction:-astra-militarum
3597-3243-6870-70a1,fortification
3597-3243-6870-70a1,imperium
3597-3243-6870-70a1,sabre-weapons-battery
359c-db2c-681a-8d62,battleline
359c-db2c-681a-8d62,endless-multitude
359c-db2c-681a-8d62,faction:-tyranids
359c-db2c-681a-8d62,great-devourer
359c-db2c-681a-8d62,infantry
359c-db2c-681a-8d62,termagants
35b2-7490-1a7b-cd99,chaos
35b2-7490-1a7b-cd99,daemon
35b2-7490-1a7b-cd99,faction:-death-guard
35b2-7490-1a7b-cd99,myphitic-blight-hauler
35b2-7490-1a7b-cd99,nurgle
35b2-7490-1a7b-cd99,smoke
35b2-7490-1a7b-cd99,vehicle
35ed-7890-6c56-18b7,faction:-grey-knights
35ed-7890-6c56-18b7,imperium
35ed-7890-6c56-18b7,infantry
35ed-7890-6c56-18b7,servitors
36fd-7c3f-b728-c5d4,aeldari
36fd-7c3f-b728-c5d4,battleline
36fd-7c3f-b728-c5d4,faction:-ynnari
36fd-7c3f-b728-c5d4,grenades
36fd-7c3f-b728-c5d4,infantry
36fd-7c3f-b728-c5d4,wyches
371f-09ee-951e-88b3,chaos
371f-09ee-951e-88b3,cults-of-the-dark-gods
371f-09ee-951e-88b3,faction:-heretic-astartes
371f-09ee-951e-88b3,infantry
371f-09ee-951e-88b3,noise-marines
371f-09ee-951e-88b3,slaanesh
37ad-63e5-1786-87cf,bullgryn-squad
37ad-63e5-1786-87cf,faction:-astra-militarum
37ad-63e5-1786-87cf,grenades
37ad-63e5-1786-87cf,imperium
37ad-63e5-1786-87cf,infantry
37ad-63e5-1786-87cf,ogryn
3825-ac3a-75ec-fa0d,death-company
3825-ac3a-75ec-fa0d,death-company-marines
3825-ac3a-75ec-fa0d,faction:-adeptus-astartes
3825-ac3a-75ec-fa0d,faction:-blood-angels
3825-ac3a-75ec-fa0d,grenades
3825-ac3a-75ec-fa0d,imperium
3825-ac3a-75ec-fa0d,infantry
3825-ac3a-75ec-fa0d,tacticus
3832-4208-11e9-ca22,battleline
3832-4208-11e9-ca22,berzerkers
3832-4208-11e9-ca22,chaos
3832-4208-11e9-ca22,faction:-heretic-astartes
3832-4208-11e9-ca22,grenades
3832-4208-11e9-ca22,infantry
3832-4208-11e9-ca22,khorne
388f-478b-18f5-aee7,faction:-t'au-empire
388f-478b-18f5-aee7,fly
388f-478b-18f5-aee7,markerlight
388f-478b-18f5-aee7,tetras
388f-478b-18f5-aee7,vehicle
390e-706b-a059-378b,deathwatch-terminator-squad
390e-706b-a059-378b,faction:-adeptus-astartes
390e-706b-a059-378b,faction:-deathwatch
390e-706b-a059-378b,imperium
390e-706b-a059-378b,infantry
390e-706b-a059-378b,kill-team
390e-706b-a059-378b,terminator
3953-4e12-fe7b-97e9,faction:-agents-of-the-imperium
3953-4e12-fe7b-97e9,grenades
3953-4e12-fe7b-97e9,imperium
3953-4e12-fe7b-97e9,infantry
3953-4e12-fe7b-97e9,retinue
3953-4e12-fe7b-97e9,voidfarers
3953-4e12-fe7b-97e9,voidsmen-at-arms
3a81-2b84-bf4c-4f85,atalan-jackals
3a81-2b84-bf4c-4f85,faction:-genestealer-cults
3a81-2b84-bf4c-4f85,great-devourer
3a81-2b84-bf4c-4f85,grenades
3a81-2b84-bf4c-4f85,mounted
3b78-bfd1-fe54-cf68,accursed-cultists
3b78-bfd1-fe54-cf68,chaos
3b78-bfd1-fe54-cf68,damned
3b78-bfd1-fe54-cf68,faction:-heretic-astartes
3b78-bfd1-fe54-cf68,infantry
3bff-9fad-2d11-7866,faction:-orks
3bff-9fad-2d11-7866,infantry
3bff-9fad-2d11-7866,lootas
3c3f-f02d-c05c-492a,faction:-adepta-sororitas
3c3f-f02d-c05c-492a,imperium
3c3f-f02d-c05c-492a,mortifiers
3c3f-f02d-c05c-492a,penitent
3c3f-f02d-c05c-492a,vehicle
3c3f-f02d-c05c-492a,walker
3e14-2a-d358-6ada,faction:-adeptus-astartes
3e14-2a-d358-6ada,fly
3e14-2a-d358-6ada,gravis
3e14-2a-d358-6ada,imperium
3e14-2a-d358-6ada,inceptor-squad
3e14-2a-d358-6ada,infantry
3e14-2a-d358-6ada,jump-pack
3e90-9359-2aaa-205e,faction:-astra-militarum
3e90-9359-2aaa-205e,grenades
3e90-9359-2aaa-205e,imperium
3e90-9359-2aaa-205e,infantry
3e90-9359-2aaa-205e,krieg-combat-engineers
3e90-9359-2aaa-205e,regiment
3e90-9359-2aaa-205e,smoke
3ec3-a4df-fdbf-5507,anathema-psykana
3ec3-a4df-fdbf-5507,faction:-adeptus-custodes
3ec3-a4df-fdbf-5507,imperium
3ec3-a4df-fdbf-5507,infantry
3ec3-a4df-fdbf-5507,prosecutors
3f2c-85ec-d83c-4a2f,biovore
3f2c-85ec-d83c-4a2f,faction:-tyranids
3f2c-85ec-d83c-4a2f,great-devourer
3f2c-85ec-d83c-4a2f,infantry
3f4c-1e67-66dc-ffa5,devastator-squad
3f4c-1e67-66dc-ffa5,faction:-adeptus-astartes
3f4c-1e67-66dc-ffa5,grenades
3f4c-1e67-66dc-ffa5,imperium
3f4c-1e67-66dc-ffa5,infantry
3f5-f7d6-1ce8-e6b9,burrowers
3f5-f7d6-1ce8-e6b9,faction:-tyranids
3f5-f7d6-1ce8-e6b9,great-devourer
3f5-f7d6-1ce8-e6b9,infantry
3f5-f7d6-1ce8-e6b9,raveners
3f5-f7d6-1ce8-e6b9,vanguard-invader
4042-67ce-8d45-ed33,deathwatch
4042-67ce-8d45-ed33,faction:-agents-of-the-imperium
4042-67ce-8d45-ed33,grenades
4042-67ce-8d45-ed33,imperium
4042-67ce-8d45-ed33,infantry
4042-67ce-8d45-ed33,kill-team
4042-67ce-8d45-ed33,kill-team-cassius
4042-67ce-8d45-ed33,ordo-xenos
4146-4127-52f7-5786,aeldari
4146-4127-52f7-5786,anhrathe
4146-4127-52f7-5786,corsair-skyreaver-band
4146-4127-52f7-5786,corsairs-and-travelling-players
4146-4127-52f7-5786,fly
4146-4127-52f7-5786,grenades
4146-4127-52f7-5786,infantry
4146-4127-52f7-5786,jump-pack
415a-e6f6-d17f-d700,beserks
415a-e6f6-d17f-d700,cthonian
415a-e6f6-d17f-d700,faction:-leagues-of-votann
415a-e6f6-d17f-d700,infantry
41c2-d2e6-ae43-3beb,battleline
41c2-d2e6-ae43-3beb,chaos
41c2-d2e6-ae43-3beb,daemon
41c2-d2e6-ae43-3beb,daemonettes
41c2-d2e6-ae43-3beb,faction:-legiones-daemonica
41c2-d2e6-ae43-3beb,infantry
41c2-d2e6-ae43-3beb,shadow-legion
41c2-d2e6-ae43-3beb,slaanesh
41c2-d2e6-ae43-3beb,slaanesh-battleline
421a-6683-9e78-fb7,faction:-astra-militarum
421a-6683-9e78-fb7,grenades
421a-6683-9e78-fb7,imperium
421a-6683-9e78-fb7,mounted
421a-6683-9e78-fb7,mukaali-riders
421a-6683-9e78-fb7,regiment
4269-a229-1461-67d0,faction:-adepta-sororitas
4269-a229-1461-67d0,grenades
4269-a229-1461-67d0,imperium
4269-a229-1461-67d0,infantry
4269-a229-1461-67d0,sisters-novitiate-squad
433-faed-ea62-c531,aeldari
433-faed-ea62-c531,aspect-warrior
433-faed-ea62-c531,faction:-asuryani
433-faed-ea62-c531,fly
433-faed-ea62-c531,mounted
433-faed-ea62-c531,shining-spears
433-faed-ea62-c531,ynnari
4424-a6ec-6d9e-a936,faction:-astra-militarum
4424-a6ec-6d9e-a936,imperium
4424-a6ec-6d9e-a936,regiment
4424-a6ec-6d9e-a936,scout-sentinels
4424-a6ec-6d9e-a936,smoke
4424-a6ec-6d9e-a936,squadron
4424-a6ec-6d9e-a936,vehicle
4424-a6ec-6d9e-a936,walker
4469-7239-717e-9abd,grenades
4469-7239-717e-9abd,imperium
4469-7239-717e-9abd,infantry
4469-7239-717e-9abd,inquisitorial-agents
4469-7239-717e-9abd,retinue
4494-dd7d-69f7-306c,battleline
4494-dd7d-69f7-306c,chaos
4494-dd7d-69f7-306c,grenades
4494-dd7d-69f7-306c,infantry
4494-dd7d-69f7-306c,slaanesh
4494-dd7d-69f7-306c,tormentors
45f6-8429-a1d9-2a51,chaos
45f6-8429-a1d9-2a51,faction:-world-eaters
45f6-8429-a1d9-2a51,infantry
45f6-8429-a1d9-2a51,khorne
45f6-8429-a1d9-2a51,terminator
45f6-8429-a1d9-2a51,terminator-squad
4681-2af4-acf9-2bce,deathwatch
4681-2af4-acf9-2bce,grenades
4681-2af4-acf9-2bce,imperium
4681-2af4-acf9-2bce,infantry
4681-2af4-acf9-2bce,kill-team
4681-2af4-acf9-2bce,proteus-kill-team
478-9d24-e5c8-c6f7,battleline
478-9d24-e5c8-c6f7,chaos
478-9d24-e5c8-c6f7,cultist-mob-with-firearms
478-9d24-e5c8-c6f7,damned
478-9d24-e5c8-c6f7,faction:-heretic-astartes
478-9d24-e5c8-c6f7,grenades
478-9d24-e5c8-c6f7,infantry
47ad-4934-ea67-a2b0,faction:-orks
47ad-4934-ea67-a2b0,grenades
47ad-4934-ea67-a2b0,mounted
47ad-4934-ea67-a2b0,nobz-on-warbikes
47ad-4934-ea67-a2b0,speed-freeks
47fa-f42-bb06-77d2,faction:-adeptus-astartes
47fa-f42-bb06-77d2,faction:-space-wolves
47fa-f42-bb06-77d2,grenades
47fa-f42-bb06-77d2,imperium
47fa-f42-bb06-77d2,infantry
47fa-f42-bb06-77d2,long-fangs
4808-a80b-309a-7933,faction:-adeptus-astartes
4808-a80b-309a-7933,imperium
4808-a80b-309a-7933,infantry
4808-a80b-309a-7933,terminator
4808-a80b-309a-7933,terminator-squad
48fb-ebd6-dd17-729b,deathwing
48fb-ebd6-dd17-729b,deathwing-command-squad
48fb-ebd6-dd17-729b,faction:-adeptus-astartes
48fb-ebd6-dd17-729b,faction:-dark-angels
48fb-ebd6-dd17-729b,imperium
48fb-ebd6-dd17-729b,infantry
48fb-ebd6-dd17-729b,terminator
4927-b3e9-d22a-2930,headtakers
4927-b3e9-d22a-2930,imperium
4927-b3e9-d22a-2930,infantry
4927-b3e9-d22a-2930,tacticus
4927-b3e9-d22a-2930,wolf-guard
497-36ad-8ecb-f7c7,character
497-36ad-8ecb-f7c7,command-squad
497-36ad-8ecb-f7c7,faction:-astra-militarum
497-36ad-8ecb-f7c7,grenades
497-36ad-8ecb-f7c7,imperium
497-36ad-8ecb-f7c7,infantry
497-36ad-8ecb-f7c7,militarum-tempestus
4aab-3ca5-0435-ed5e,death-company
4aab-3ca5-0435-ed5e,death-company-marines-with-bolt-rifles
4aab-3ca5-0435-ed5e,faction:-adeptus-astartes
4aab-3ca5-0435-ed5e,faction:-blood-angels
4aab-3ca5-0435-ed5e,grenades
4aab-3ca5-0435-ed5e,imperium
4aab-3ca5-0435-ed5e,infantry
4aab-3ca5-0435-ed5e,tacticus
4adf-8249-c6b2-dd4f,faction:-orks
4adf-8249-c6b2-dd4f,fly
4adf-8249-c6b2-dd4f,grenades
4adf-8249-c6b2-dd4f,infantry
4adf-8249-c6b2-dd4f,jump-pack
4adf-8249-c6b2-dd4f,stormboyz
4b94-c22e-84f9-8d32,aestred-thurga-and-agathae-dolan
4b94-c22e-84f9-8d32,character
4b94-c22e-84f9-8d32,epic-hero
4b94-c22e-84f9-8d32,faction:-adepta-sororitas
4b94-c22e-84f9-8d32,grenades
4b94-c22e-84f9-8d32,imperium
4b94-c22e-84f9-8d32,infantry
4c72-3f0c-7f94-af96,faction:-adeptus-astartes
4c72-3f0c-7f94-af96,faction:-space-wolves
4c72-3f0c-7f94-af96,imperium
4c72-3f0c-7f94-af96,infantry
4c72-3f0c-7f94-af96,wulfen
4c72-3f0c-7f94-af96,wulfen-with-storm-shields
4c73-cbd1-f052-80c3,battleline
4c73-cbd1-f052-80c3,chaos
4c73-cbd1-f052-80c3,daemon
4c73-cbd1-f052-80c3,faction:-scintillating-legions
4c73-cbd1-f052-80c3,horrors
4c73-cbd1-f052-80c3,infantry
4c73-cbd1-f052-80c3,summoned
4c73-cbd1-f052-80c3,tzeentch
4d28-f2a7-67c1-eb2e,cadian
4d28-f2a7-67c1-eb2e,character
4d28-f2a7-67c1-eb2e,command-squad
4d28-f2a7-67c1-eb2e,faction:-astra-militarum
4d28-f2a7-67c1-eb2e,grenades
4d28-f2a7-67c1-eb2e,imperium
4d28-f2a7-67c1-eb2e,infantry
4d28-f2a7-67c1-eb2e,platoon
4e74-3710-7a66-9d6c,faction:-agents-of-the-imperium
4e74-3710-7a66-9d6c,grenades
4e74-3710-7a66-9d6c,imperium
4e74-3710-7a66-9d6c,infantry
4e74-3710-7a66-9d6c,retinue
4e74-3710-7a66-9d6c,sanctifiers
4e85-615b-5d49-dfa4,chaos
4e85-615b-5d49-dfa4,chosen
4e85-615b-5d49-dfa4,faction:-heretic-astartes
4e85-615b-5d49-dfa4,grenades
4e85-615b-5d49-dfa4,infantry
4ea0-6b70-c17c-bc00,character
4ea0-6b70-c17c-bc00,epic-hero
4ea0-6b70-c17c-bc00,faction:-orks
4ea0-6b70-c17c-bc00,infantry
4ecc-6aa5-da28-2c57,battleline
4ecc-6aa5-da28-2c57,bloodletters
4ecc-6aa5-da28-2c57,chaos
4ecc-6aa5-da28-2c57,daemon
4ecc-6aa5-da28-2c57,faction:-legiones-daemonica
4ecc-6aa5-da28-2c57,infantry
4ecc-6aa5-da28-2c57,khorne
4ecc-6aa5-da28-2c57,khorne-battleline
4ecc-6aa5-da28-2c57,shadow-legion
503b-f7be-eeeb-9e31,anathema-psykana
503b-f7be-eeeb-9e31,faction:-adeptus-custodes
503b-f7be-eeeb-9e31,imperium
503b-f7be-eeeb-9e31,infantry
503b-f7be-eeeb-9e31,witchseekers
50a9-30aa-e03a-847d,deathwatch
50a9-30aa-e03a-847d,grenades
50a9-30aa-e03a-847d,imperium
50a9-30aa-e03a-847d,mounted
50a9-30aa-e03a-847d,veteran-bike-squad
51a5-6c92-806e-57d6,deffkoptas-with-big-shootas
51a5-6c92-806e-57d6,faction:-orks
51a5-6c92-806e-57d6,fly
51a5-6c92-806e-57d6,grenades
51a5-6c92-806e-57d6,vehicle
527c-120e-9e4e-9bfe,faction:-adeptus-astartes
527c-120e-9e4e-9bfe,grenades
527c-120e-9e4e-9bfe,imperium
527c-120e-9e4e-9bfe,incursor-squad
527c-120e-9e4e-9bfe,infantry
527c-120e-9e4e-9bfe,phobos
527c-120e-9e4e-9bfe,smoke
52e7-9347-3f16-9eec,character
52e7-9347-3f16-9eec,faction:-adeptus-mechanicus
52e7-9347-3f16-9eec,imperium
52e7-9347-3f16-9eec,infantry
52e7-9347-3f16-9eec,skatros
52e7-9347-3f16-9eec,skitarii
52e7-9347-3f16-9eec,sydonian
5374-9e93-8af2-819e,aeldari
5374-9e93-8af2-819e,aspect-warrior
5374-9e93-8af2-819e,faction:-asuryani
5374-9e93-8af2-819e,fire-dragons
5374-9e93-8af2-819e,grenades
5374-9e93-8af2-819e,infantry
5374-9e93-8af2-819e,ynnari
5380-5757-2c46-31cc,imperium
5380-5757-2c46-31cc,infantry
544c-478c-06c3-271a,battleline
544c-478c-06c3-271a,chaos
544c-478c-06c3-271a,cultist-mob
544c-478c-06c3-271a,damned
544c-478c-06c3-271a,faction:-heretic-astartes
544c-478c-06c3-271a,grenades
544c-478c-06c3-271a,infantry
5452-c4a7-59fb-f05c,aeldari
5452-c4a7-59fb-f05c,battleline
5452-c4a7-59fb-f05c,faction:-asuryani
5452-c4a7-59fb-f05c,grenades
5452-c4a7-59fb-f05c,guardians
5452-c4a7-59fb-f05c,infantry
5452-c4a7-59fb-f05c,storm-guardians
5452-c4a7-59fb-f05c,ynnari
550b-c5ab-5e27-f59b,beast
550b-c5ab-5e27-f59b,chaos
550b-c5ab-5e27-f59b,daemon
550b-c5ab-5e27-f59b,faction:-legiones-daemonica
550b-c5ab-5e27-f59b,fly
550b-c5ab-5e27-f59b,screamers
550b-c5ab-5e27-f59b,shadow-legion
550b-c5ab-5e27-f59b,tzeentch
550b-c5ab-5e27-f59b,tzeentch-non-battleline
55fb-9c91-1a4f-3037,character
55fb-9c91-1a4f-3037,epic-hero
55fb-9c91-1a4f-3037,faction:-imperial-knights
55fb-9c91-1a4f-3037,imperium
5797-adb8-930-e832,faction:-adeptus-mechanicus
5797-adb8-930-e832,imperium
5797-adb8-930-e832,mounted
5797-adb8-930-e832,serberys-raiders
5797-adb8-930-e832,skitarii
57ec-47a8-a59a-6a46,aeldari
57ec-47a8-a59a-6a46,aspect-warrior
57ec-47a8-a59a-6a46,faction:-asuryani
57ec-47a8-a59a-6a46,fly
57ec-47a8-a59a-6a46,infantry
57ec-47a8-a59a-6a46,jump-pack
57ec-47a8-a59a-6a46,warp-spiders
57ec-47a8-a59a-6a46,ynnari
5815-871c-9260-287a,faction:-tyranids
5815-871c-9260-287a,great-devourer
5815-871c-9260-287a,infantry
5815-871c-9260-287a,synapse
5815-871c-9260-287a,tyranid-warriors
5815-871c-9260-287a,tyranid-warriors-with-melee-bio-weapons
5817-0d6c-973c-68f8,chaos
5817-0d6c-973c-68f8,faction:-emperor's-children
5817-0d6c-973c-68f8,infantry
5817-0d6c-973c-68f8,noise-marines
5817-0d6c-973c-68f8,slaanesh
58e9-5212-f5a6-c12d,battleline
58e9-5212-f5a6-c12d,faction:-necrons
58e9-5212-f5a6-c12d,infantry
58e9-5212-f5a6-c12d,necron-warriors
5926-4deb-a85d-c73a,chaos
5926-4deb-a85d-c73a,faction:-emperor's-children
5926-4deb-a85d-c73a,infantry
5926-4deb-a85d-c73a,slaanesh
5926-4deb-a85d-c73a,terminator
5926-4deb-a85d-c73a,terminator-squad
592a-b255-6c58-19ec,aeldari
592a-b255-6c58-19ec,faction:-asuryani
592a-b255-6c58-19ec,fly
592a-b255-6c58-19ec,mounted
592a-b255-6c58-19ec,windriders
592a-b255-6c58-19ec,ynnari
595a-cfac-3b40-710d,artillery
595a-cfac-3b40-710d,cthonian
595a-cfac-3b40-710d,earthshakers
595a-cfac-3b40-710d,faction:-leagues-of-votann
595a-cfac-3b40-710d,infantry
5aa4-107-d7ee-f0f3,aeldari
5aa4-107-d7ee-f0f3,faction:-asuryani
5aa4-107-d7ee-f0f3,infantry
5aa4-107-d7ee-f0f3,wraith-construct
5aa4-107-d7ee-f0f3,wraithguard
5aa4-107-d7ee-f0f3,ynnari
5b0b-c18d-1470-44bb,faction:-leagues-of-votann
5b0b-c18d-1470-44bb,grenades
5b0b-c18d-1470-44bb,hernkyn-yaegirs
5b0b-c18d-1470-44bb,infantry
5b4e-dcf1-5c6f-4d35,blightlord-terminators
5b4e-dcf1-5c6f-4d35,chaos
5b4e-dcf1-5c6f-4d35,faction:-death-guard
5b4e-dcf1-5c6f-4d35,infantry
5b4e-dcf1-5c6f-4d35,nurgle
5b4e-dcf1-5c6f-4d35,terminator
5bf7-f905-8fab-43b4,aeldari
5bf7-f905-8fab-43b4,faction:-ynnari
5bf7-f905-8fab-43b4,incubi
5bf7-f905-8fab-43b4,infantry
5c5f-8f23-7f13-2af6,faction:-astra-militarum
5c5f-8f23-7f13-2af6,imperium
5c5f-8f23-7f13-2af6,infantry
5c5f-8f23-7f13-2af6,munitorum-servitors
5c5f-b70b-f6ee-a81e,aeldari
5c5f-b70b-f6ee-a81e,faction:-drukhari
5c5f-b70b-f6ee-a81e,fly
5c5f-b70b-f6ee-a81e,haemonculus-covens
5c5f-b70b-f6ee-a81e,monster
5c5f-b70b-f6ee-a81e,talos
5d01-db4e-c389-a0bc,crusaders
5d01-db4e-c389-a0bc,faction:-adepta-sororitas
5d01-db4e-c389-a0bc,imperium
5d01-db4e-c389-a0bc,infantry
5d3a-803e-7cbc-b2f1,battlesuit
5d3a-803e-7cbc-b2f1,faction:-t'au-empire
5d3a-803e-7cbc-b2f1,fly
5d3a-803e-7cbc-b2f1,infantry
5d3a-803e-7cbc-b2f1,stealth
5d3d-e13b-8b76-dad3,battleline
5d3d-e13b-8b76-dad3,chaos
5d3d-e13b-8b76-dad3,faction:-thousand-sons
5d3d-e13b-8b76-dad3,infantry
5d3d-e13b-8b76-dad3,rubric-marines
5d3d-e13b-8b76-dad3,rubricae
5d3d-e13b-8b76-dad3,tzeentch
5da1-9869-294e-8187,faction:-astra-militarum
5da1-9869-294e-8187,imperium
5da1-9869-294e-8187,infantry
5da1-9869-294e-8187,regimental-attachés
5f23-4d6-f2f9-5973,chaos
5f23-4d6-f2f9-5973,daemon
5f23-4d6-f2f9-5973,faction:-legiones-daemonica
5f23-4d6-f2f9-5973,flamers
5f23-4d6-f2f9-5973,fly
5f23-4d6-f2f9-5973,infantry
5f23-4d6-f2f9-5973,shadow-legion
5f23-4d6-f2f9-5973,tzeentch
5f23-4d6-f2f9-5973,tzeentch-non-battleline
5f38-3bbb-ce09-485b,beast
5f38-3bbb-ce09-485b,beasts-of-nurgle
5f38-3bbb-ce09-485b,chaos
5f38-3bbb-ce09-485b,daemon
5f38-3bbb-ce09-485b,faction:-plague-legions
5f38-3bbb-ce09-485b,nurgle
5f38-3bbb-ce09-485b,summoned
5fe1-5a7a-9f8e-21e0,chaos
5fe1-5a7a-9f8e-21e0,daemon
5fe1-5a7a-9f8e-21e0,faction:-legiones-daemonica
5fe1-5a7a-9f8e-21e0,mounted
5fe1-5a7a-9f8e-21e0,seeker-chariot
5fe1-5a7a-9f8e-21e0,shadow-legion
5fe1-5a7a-9f8e-21e0,slaanesh
5fe1-5a7a-9f8e-21e0,slaanesh-non-battleline
60ce-47ea-50fa-53f2,battleline
60ce-47ea-50fa-53f2,faction:-adeptus-astartes
60ce-47ea-50fa-53f2,faction:-space-wolves
60ce-47ea-50fa-53f2,grenades
60ce-47ea-50fa-53f2,grey-hunters
60ce-47ea-50fa-53f2,imperium
60ce-47ea-50fa-53f2,infantry
60ce-47ea-50fa-53f2,tacticus
60de-4c77-95e1-1337,beast
60de-4c77-95e1-1337,chaos
60de-4c77-95e1-1337,faction:-thousand-sons
60de-4c77-95e1-1337,mutant
60de-4c77-95e1-1337,spawn
60de-4c77-95e1-1337,tzeentch
6135-d842-8e61-889d,deathwing
6135-d842-8e61-889d,deathwing-terminator-squad
6135-d842-8e61-889d,faction:-adeptus-astartes
6135-d842-8e61-889d,faction:-dark-angels
6135-d842-8e61-889d,imperium
6135-d842-8e61-889d,infantry
6135-d842-8e61-889d,terminator
615-e6bf-cfd2-9384,battleline
615-e6bf-cfd2-9384,chaos
615-e6bf-cfd2-9384,faction:-heretic-astartes
615-e6bf-cfd2-9384,grenades
615-e6bf-cfd2-9384,infantry
615-e6bf-cfd2-9384,legionaries
6324-e721-420d-4436,chaos
6324-e721-420d-4436,damned
6324-e721-420d-4436,faction:-heretic-astartes
6324-e721-420d-4436,infantry
6324-e721-420d-4436,nurgle
6324-e721-420d-4436,renegade-plague-ogryns
64a9-4cb2-400e-efd1,artillery
64a9-4cb2-400e-efd1,faction:-astra-militarum
64a9-4cb2-400e-efd1,field-ordnance-battery
64a9-4cb2-400e-efd1,grenades
64a9-4cb2-400e-efd1,imperium
64a9-4cb2-400e-efd1,infantry
64a9-4cb2-400e-efd1,regiment
6528-4634-c2cf-2840,faction:-grey-knights
6528-4634-c2cf-2840,grenades
6528-4634-c2cf-2840,imperium
6528-4634-c2cf-2840,infantry
6528-4634-c2cf-2840,paladin-squad
6528-4634-c2cf-2840,psyker
6528-4634-c2cf-2840,terminator
653d-80-d715-7d55,epic-hero
653d-80-d715-7d55,faction:-astra-militarum
653d-80-d715-7d55,gaunt’s-ghosts
653d-80-d715-7d55,grenades
653d-80-d715-7d55,imperium
653d-80-d715-7d55,infantry
6562-9dcd-afea-d4ae,death-company
6562-9dcd-afea-d4ae,death-company-marines-with-boltguns
6562-9dcd-afea-d4ae,faction:-adeptus-astartes
6562-9dcd-afea-d4ae,faction:-blood-angels
6562-9dcd-afea-d4ae,grenades
6562-9dcd-afea-d4ae,imperium
6562-9dcd-afea-d4ae,infantry
658e-a63f-bac7-6201,beast
658e-a63f-bac7-6201,chaos
658e-a63f-bac7-6201,damned
658e-a63f-bac7-6201,faction:-heretic-astartes
658e-a63f-bac7-6201,renegade-ogryn-beast-handler
65f6-18df-f6df-7e39,death-company-marines-with-jump-packs
65f6-18df-f6df-7e39,faction:-adeptus-astartes
65f6-18df-f6df-7e39,faction:-blood-angels
65f6-18df-f6df-7e39,fly
65f6-18df-f6df-7e39,grenades
65f6-18df-f6df-7e39,imperium
65f6-18df-f6df-7e39,infantry
65f6-18df-f6df-7e39,jump-pack
65f6-18df-f6df-7e39,tacticus
66ab-476a-134e-ec7b,battleline
66ab-476a-134e-ec7b,deathwatch-kill-team
66ab-476a-134e-ec7b,faction:-adeptus-astartes
66ab-476a-134e-ec7b,faction:-deathwatch
66ab-476a-134e-ec7b,grenades
66ab-476a-134e-ec7b,imperium
66ab-476a-134e-ec7b,infantry
66ab-476a-134e-ec7b,ordo-xenos
66ab-476a-134e-ec7b,retinue
66e-26f2-7c38-e4d8,destroyer-cult
66e-26f2-7c38-e4d8,faction:-necrons
66e-26f2-7c38-e4d8,infantry
66e-26f2-7c38-e4d8,skorpekh-destroyers
679b-f37f-2388-748,faction:-astra-militarum
679b-f37f-2388-748,grenades
679b-f37f-2388-748,imperium
679b-f37f-2388-748,infantry
679b-f37f-2388-748,militarum-tempestus
679b-f37f-2388-748,regiment
679b-f37f-2388-748,tempestus-scions
6829-6dcb-b342-afe4,faction:-necrons
6829-6dcb-b342-afe4,fly
6829-6dcb-b342-afe4,infantry
6829-6dcb-b342-afe4,triarch-praetorians
6863-bf42-238a-fd0b,aeldari
6863-bf42-238a-fd0b,aspect-warrior
6863-bf42-238a-fd0b,dark-reapers
6863-bf42-238a-fd0b,faction:-asuryani
6863-bf42-238a-fd0b,infantry
6863-bf42-238a-fd0b,ynnari
6883-85aa-b338-b88,beast
6883-85aa-b338-b88,faction:-t'au-empire
6883-85aa-b338-b88,hounds
6883-85aa-b338-b88,kroot
68a3-27e6-94e0-dda7,chaos
68a3-27e6-94e0-dda7,damned
68a3-27e6-94e0-dda7,faction:-heretic-astartes
68a3-27e6-94e0-dda7,mutoid-vermin
68a3-27e6-94e0-dda7,nurgle
68a3-27e6-94e0-dda7,swarm
68ad-03fb-10b7-fc0b,chaos
68ad-03fb-10b7-fc0b,damned
68ad-03fb-10b7-fc0b,faction:-heretic-astartes
68ad-03fb-10b7-fc0b,grenades
68ad-03fb-10b7-fc0b,infantry
68ad-03fb-10b7-fc0b,renegade-heavy-weapons-squad
694f-a205-b260-783c,chaos
694f-a205-b260-783c,daemon
694f-a205-b260-783c,faction:-scintillating-legions
694f-a205-b260-783c,flamers
694f-a205-b260-783c,fly
694f-a205-b260-783c,infantry
694f-a205-b260-783c,summoned
694f-a205-b260-783c,tzeentch
699f-a59e-baa6-ba8b,faction:-adeptus-astartes
699f-a59e-baa6-ba8b,grenades
699f-a59e-baa6-ba8b,imperium
699f-a59e-baa6-ba8b,mounted
699f-a59e-baa6-ba8b,scout-bike-squad
699f-a59e-baa6-ba8b,smoke
6a3a-7973-b509-532e,aeldari
6a3a-7973-b509-532e,faction:-drukhari
6a3a-7973-b509-532e,infantry
6a3a-7973-b509-532e,mandrakes
6a83-8e1f-63ef-50c3,beast-snagga
6a83-8e1f-63ef-50c3,faction:-orks
6a83-8e1f-63ef-50c3,grenades
6a83-8e1f-63ef-50c3,mounted
6a83-8e1f-63ef-50c3,squighog-boyz
6abc-4bee-f011-f490,chaos
6abc-4bee-f011-f490,damned
6abc-4bee-f011-f490,faction:-heretic-astartes
6abc-4bee-f011-f490,infantry
6abc-4bee-f011-f490,renegade-ogryn-brutes
6ba0-cede-e278-f86b,centurion
6ba0-cede-e278-f86b,centurion-devastator-squad
6ba0-cede-e278-f86b,faction:-adeptus-astartes
6ba0-cede-e278-f86b,imperium
6ba0-cede-e278-f86b,infantry
6bf7-888c-7aa6-6831,chaos
6bf7-888c-7aa6-6831,damned
6bf7-888c-7aa6-6831,faction:-heretic-astartes
6bf7-888c-7aa6-6831,fellgor-beastmen
6bf7-888c-7aa6-6831,grenades
6bf7-888c-7aa6-6831,infantry
6c40-644a-53f2-69c2,chaos
6c40-644a-53f2-69c2,damned
6c40-644a-53f2-69c2,faction:-heretic-astartes
6c40-644a-53f2-69c2,grenades
6c40-644a-53f2-69c2,infantry
6c40-644a-53f2-69c2,traitor-guardsmen-squad
6cb-912c-c43-210b,faction:-adeptus-astartes
6cb-912c-c43-210b,faction:-deathwatch
6cb-912c-c43-210b,gravis
6cb-912c-c43-210b,grenades
6cb-912c-c43-210b,imperium
6cb-912c-c43-210b,indomitor-kill-team
6cb-912c-c43-210b,infantry
6cb-912c-c43-210b,kill-team
6cc1-586e-5d7c-9a34,faction:-orks
6cc1-586e-5d7c-9a34,grot-tanks
6cc1-586e-5d7c-9a34,grots
6cc1-586e-5d7c-9a34,vehicle
6d29-1c06-c787-64e0,chaos
6d29-1c06-c787-64e0,faction:-death-guard
6d29-1c06-c787-64e0,gellerpox-infected
6d29-1c06-c787-64e0,infantry
6d29-1c06-c787-64e0,nurgle
6db9-cede-3810-f1f0,adeptus-arbites
6db9-cede-3810-f1f0,faction:-agents-of-the-imperium
6db9-cede-3810-f1f0,grenades
6db9-cede-3810-f1f0,imperium
6db9-cede-3810-f1f0,infantry
6db9-cede-3810-f1f0,retinue
6db9-cede-3810-f1f0,subductor-squad
6de-ccee-11b4-be3e,barbgaunts
6de-ccee-11b4-be3e,faction:-tyranids
6de-ccee-11b4-be3e,great-devourer
6de-ccee-11b4-be3e,infantry
6f72-b8f7-fd8d-5c2c,destroyer-cult
6f72-b8f7-fd8d-5c2c,faction:-necrons
6f72-b8f7-fd8d-5c2c,fly
6f72-b8f7-fd8d-5c2c,lokhust-destroyers
6f72-b8f7-fd8d-5c2c,mounted
6f81-4538-a414-251e,chaos
6f81-4538-a414-251e,faction:-world-eaters
6f81-4538-a414-251e,grenades
6f81-4538-a414-251e,infantry
6f81-4538-a414-251e,jakhals
6f81-4538-a414-251e,khorne
6f9f-e6aa-ba13-aab1,faction:-adeptus-custodes
6f9f-e6aa-ba13-aab1,imperium
6f9f-e6aa-ba13-aab1,infantry
6f9f-e6aa-ba13-aab1,sagittarum-custodians
7044-bf1-f949-c32d,bladeguard-veteran-squad
7044-bf1-f949-c32d,faction:-adeptus-astartes
7044-bf1-f949-c32d,grenades
7044-bf1-f949-c32d,imperium
7044-bf1-f949-c32d,infantry
7044-bf1-f949-c32d,tacticus
705b-2635-fcab-48f9,faction:-adeptus-mechanicus
705b-2635-fcab-48f9,imperium
705b-2635-fcab-48f9,infantry
705b-2635-fcab-48f9,secutarii-hoplites
705b-2635-fcab-48f9,skitarii
7067-34f4-5272-e05f,faction:-orks
7067-34f4-5272-e05f,grenades
7067-34f4-5272-e05f,infantry
7067-34f4-5272-e05f,mega-armour
7067-34f4-5272-e05f,meganobz
707a-9de8-f75b-41c5,beast
707a-9de8-f75b-41c5,faction:-tyranids
707a-9de8-f75b-41c5,fly
707a-9de8-f75b-41c5,great-devourer
707a-9de8-f75b-41c5,mucolid-spores
70dc-ed18-2788-b35a,faction:-adeptus-astartes
70dc-ed18-2788-b35a,grenades
70dc-ed18-2788-b35a,imperium
70dc-ed18-2788-b35a,infantry
70dc-ed18-2788-b35a,infiltrator-squad
70dc-ed18-2788-b35a,phobos
70dc-ed18-2788-b35a,smoke
7102-b3a4-9bfc-1b84,faction:-adeptus-astartes
7102-b3a4-9bfc-1b84,grenades
7102-b3a4-9bfc-1b84,hellblaster-squad
7102-b3a4-9bfc-1b84,imperium
7102-b3a4-9bfc-1b84,infantry
7102-b3a4-9bfc-1b84,tacticus
71b2-e955-6588-87f4,burna-boyz
71b2-e955-6588-87f4,faction:-orks
71b2-e955-6588-87f4,infantry
7263-70e5-b424-61eb,beast
7263-70e5-b424-61eb,chaos
7263-70e5-b424-61eb,chaos-spawn
7263-70e5-b424-61eb,faction:-heretic-astartes
7299-5b5-2b56-ef50,chaos
7299-5b5-2b56-ef50,daemon
7299-5b5-2b56-ef50,faction:-heretic-astartes
7299-5b5-2b56-ef50,infantry
7299-5b5-2b56-ef50,mutilators
72f2-7d0b-80f9-43b7,faction:-t'au-empire
72f2-7d0b-80f9-43b7,farstalkers
72f2-7d0b-80f9-43b7,grenades
72f2-7d0b-80f9-43b7,infantry
72f2-7d0b-80f9-43b7,kroot
7324-e591-939b-b675,battleline
7324-e591-939b-b675,faction:-adeptus-astartes
7324-e591-939b-b675,gravis
7324-e591-939b-b675,grenades
7324-e591-939b-b675,heavy-intercessor-squad
7324-e591-939b-b675,imperium
7324-e591-939b-b675,infantry
7373-47b7-11a3-2b48,chaos
7373-47b7-11a3-2b48,chaos-bikers
7373-47b7-11a3-2b48,faction:-heretic-astartes
7373-47b7-11a3-2b48,grenades
7373-47b7-11a3-2b48,mounted
73fc-a193-7da1-d9c4,faction:-agents-of-the-imperium
73fc-a193-7da1-d9c4,grenades
73fc-a193-7da1-d9c4,imperium
73fc-a193-7da1-d9c4,infantry
73fc-a193-7da1-d9c4,ordo-hereticus
73fc-a193-7da1-d9c4,requisitioned
73fc-a193-7da1-d9c4,sisters-of-battle-squad
7422-7fbf-8694-364c,epic-hero
7422-7fbf-8694-364c,faction:-necrons
7422-7fbf-8694-364c,triarch
7422-7fbf-8694-364c,vehicle
74c4-82d0-4c98-2fa8,astartes-servitors
74c4-82d0-4c98-2fa8,faction:-adeptus-astartes
74c4-82d0-4c98-2fa8,imperium
74c4-82d0-4c98-2fa8,infantry
7562-d429-6153-a823,chaos
7562-d429-6153-a823,damned
7562-d429-6153-a823,faction:-heretic-astartes
7562-d429-6153-a823,gellerpox-infected
7562-d429-6153-a823,infantry
7562-d429-6153-a823,nurgle
758b-bfd2-96ed-52b,aeldari
758b-bfd2-96ed-52b,anhrathe
758b-bfd2-96ed-52b,corsair-reaver-band
758b-bfd2-96ed-52b,corsairs-and-travelling-players
758b-bfd2-96ed-52b,grenades
758b-bfd2-96ed-52b,infantry
7774-a50b-cb1e-8372,faction:-adeptus-mechanicus
7774-a50b-cb1e-8372,imperium
7774-a50b-cb1e-8372,infantry
7774-a50b-cb1e-8372,secutarii-peltasts
7774-a50b-cb1e-8372,skitarii
77d-d442-a3-422c,faction:-necrons
77d-d442-a3-422c,fly
77d-d442-a3-422c,mounted
77d-d442-a3-422c,tomb-blades
78ae-14b4-56d0-cc9d,command-squad
78ae-14b4-56d0-cc9d,faction:-adeptus-astartes
78ae-14b4-56d0-cc9d,grenades
78ae-14b4-56d0-cc9d,imperium
78ae-14b4-56d0-cc9d,infantry
790d-9fdf-b359-62ba,aeldari
790d-9fdf-b359-62ba,anhrathe
790d-9fdf-b359-62ba,corsair-cloud-dancer-band
790d-9fdf-b359-62ba,corsairs-and-travelling-players
790d-9fdf-b359-62ba,grenades
790d-9fdf-b359-62ba,mounted
7a50-3722-8195-5877,faction:-adeptus-astartes
7a50-3722-8195-5877,faction:-space-wolves
7a50-3722-8195-5877,grenades
7a50-3722-8195-5877,imperium
7a50-3722-8195-5877,mounted
7a50-3722-8195-5877,thunderwolf-cavalry
7bee-a476-2167-76e7,cult-mechanicus
7bee-a476-2167-76e7,destroyers
7bee-a476-2167-76e7,faction:-adeptus-mechanicus
7bee-a476-2167-76e7,imperium
7bee-a476-2167-76e7,infantry
7bee-a476-2167-76e7,kataphron
7bef-c609-3897-8bd6,attack-bike-squad
7bef-c609-3897-8bd6,faction:-adeptus-astartes
7bef-c609-3897-8bd6,grenades
7bef-c609-3897-8bd6,imperium
7bef-c609-3897-8bd6,mounted
7c30-1e92-2faa-eb03,chaos
7c30-1e92-2faa-eb03,faction:-death-guard
7c30-1e92-2faa-eb03,infantry
7c30-1e92-2faa-eb03,nurgle
7c30-1e92-2faa-eb03,poxwalkers
7c93-baac-e65f-58bd,aeldari
7c93-baac-e65f-58bd,faction:-drukhari
7c93-baac-e65f-58bd,fly
7c93-baac-e65f-58bd,grenades
7c93-baac-e65f-58bd,infantry
7c93-baac-e65f-58bd,jump-pack
7c93-baac-e65f-58bd,scourges
7cbe-2406-8e67-aff5,beast
7cbe-2406-8e67-aff5,chaos
7cbe-2406-8e67-aff5,daemon
7cbe-2406-8e67-aff5,faction:-scintillating-legions
7cbe-2406-8e67-aff5,fly
7cbe-2406-8e67-aff5,screamers
7cbe-2406-8e67-aff5,summoned
7cbe-2406-8e67-aff5,tzeentch
7d22-9fb6-a7e0-c21b,catachan
7d22-9fb6-a7e0-c21b,character
7d22-9fb6-a7e0-c21b,command-squad
7d22-9fb6-a7e0-c21b,faction:-astra-militarum
7d22-9fb6-a7e0-c21b,grenades
7d22-9fb6-a7e0-c21b,imperium
7d22-9fb6-a7e0-c21b,infantry
7d22-9fb6-a7e0-c21b,platoon
7d5b-1aae-55-2f5b,character
7d5b-1aae-55-2f5b,epic-hero
7d5b-1aae-55-2f5b,faction:-astra-militarum
7d5b-1aae-55-2f5b,imperium
7d5b-1aae-55-2f5b,infantry
7d5b-1aae-55-2f5b,rein-and-raus
7d63-7b55-a632-6a10,faction:-adepta-sororitas
7d63-7b55-a632-6a10,grenades
7d63-7b55-a632-6a10,imperium
7d63-7b55-a632-6a10,infantry
7d63-7b55-a632-6a10,penitent
7d63-7b55-a632-6a10,repentia-squad
7de7-2e7a-3454-ee84,character
7de7-2e7a-3454-ee84,damned
7e32-0162-71e2-57a0,chaos
7e32-0162-71e2-57a0,daemon
7e32-0162-71e2-57a0,faction:-plague-legions
7e32-0162-71e2-57a0,nurgle
7e32-0162-71e2-57a0,nurglings
7e32-0162-71e2-57a0,summoned
7e32-0162-71e2-57a0,swarm
7e34-20cf-1149-74a1,armoured-sentinels
7e34-20cf-1149-74a1,faction:-astra-militarum
7e34-20cf-1149-74a1,imperium
7e34-20cf-1149-74a1,regiment
7e34-20cf-1149-74a1,smoke
7e34-20cf-1149-74a1,squadron
7e34-20cf-1149-74a1,vehicle
7e34-20cf-1149-74a1,walker
7eb0-5bc7-24c-6cb4,artillery
7eb0-5bc7-24c-6cb4,big-gunz
7eb0-5bc7-24c-6cb4,faction:-orks
7eb0-5bc7-24c-6cb4,grots
7eb0-5bc7-24c-6cb4,vehicle
7efb-de37-79c4-cccb,faction:-adeptus-mechanicus
7efb-de37-79c4-cccb,ironstrider-ballistarii
7efb-de37-79c4-cccb,skitarii
7efb-de37-79c4-cccb,smoke
7efb-de37-79c4-cccb,vehicle
7efb-de37-79c4-cccb,walker
7f73-6728-df6f-1446,faction:-t'au-empire
7f73-6728-df6f-1446,grenades
7f73-6728-df6f-1446,kroot
7f73-6728-df6f-1446,krootox-rampagers
7f73-6728-df6f-1446,mounted
7fcb-9262-474a-7cec,aspect-warrior
7fcb-9262-474a-7cec,faction:-asuryani
7fcb-9262-474a-7cec,howling-banshees
7fcb-9262-474a-7cec,infantry
7fcb-9262-474a-7cec,ynnari
807b-0b72-5908-a3d4,aeldari
807b-0b72-5908-a3d4,battleline
807b-0b72-5908-a3d4,faction:-ynnari
807b-0b72-5908-a3d4,infantry
807b-0b72-5908-a3d4,kabalite-warriors
80ad-6e62-65e3-e667,faction:-adeptus-astartes
80ad-6e62-65e3-e667,faction:-black-templars
80ad-6e62-65e3-e667,imperium
80ad-6e62-65e3-e667,infantry
80ad-6e62-65e3-e667,terminator
80ad-6e62-65e3-e667,terminator-squad
814d-56c9-78fe-2123,aeldari
814d-56c9-78fe-2123,faction:-asuryani
814d-56c9-78fe-2123,fly
814d-56c9-78fe-2123,vehicle
814d-56c9-78fe-2123,vypers
814d-56c9-78fe-2123,ynnari
8165-e372-4fd6-3274,faction:-adeptus-astartes
8165-e372-4fd6-3274,faction:-black-templars
8165-e372-4fd6-3274,imperium
8165-e372-4fd6-3274,infantry
8165-e372-4fd6-3274,tacticus
8293-a070-2c87-de30,faction:-astra-militarum
8293-a070-2c87-de30,imperium
8293-a070-2c87-de30,infantry
8293-a070-2c87-de30,ratlings
83a7-ea20-ed9-d14a,faction:-orks
83a7-ea20-ed9-d14a,grenades
83a7-ea20-ed9-d14a,mounted
83a7-ea20-ed9-d14a,speed-freeks
83a7-ea20-ed9-d14a,warbikers
83e8-ebb7-785a-2115,chaos
83e8-ebb7-785a-2115,deathshroud-terminators
83e8-ebb7-785a-2115,faction:-death-guard
83e8-ebb7-785a-2115,infantry
83e8-ebb7-785a-2115,nurgle
83e8-ebb7-785a-2115,terminator
841-f339-8086-efe2,cult-mechanicus
841-f339-8086-efe2,electro-priests
841-f339-8086-efe2,faction:-adeptus-mechanicus
841-f339-8086-efe2,fulgurite
841-f339-8086-efe2,imperium
841-f339-8086-efe2,infantry
8467-b3a2-2597-de0d,battleline
8467-b3a2-2597-de0d,chaos
8467-b3a2-2597-de0d,faction:-death-guard
8467-b3a2-2597-de0d,grenades
8467-b3a2-2597-de0d,infantry
8467-b3a2-2597-de0d,nurgle
8467-b3a2-2597-de0d,plague-marines
8486-fe44-efc3-e51b,faction:-adeptus-astartes
8486-fe44-efc3-e51b,faction:-space-wolves
8486-fe44-efc3-e51b,grenades
8486-fe44-efc3-e51b,imperium
8486-fe44-efc3-e51b,infantry
8486-fe44-efc3-e51b,wolf-guard
853e-48b8-4cc5-3704,faction:-tyranids
853e-48b8-4cc5-3704,genestealers
853e-48b8-4cc5-3704,great-devourer
853e-48b8-4cc5-3704,infantry
853e-48b8-4cc5-3704,vanguard-invader
8569-2390-d4db-30fd,character
8569-2390-d4db-30fd,daemonifuge
8569-2390-d4db-30fd,epic-hero
8569-2390-d4db-30fd,faction:-adepta-sororitas
8569-2390-d4db-30fd,grenades
8569-2390-d4db-30fd,imperium
8569-2390-d4db-30fd,infantry
8770-b0eb-f430-1dda,faction:-adeptus-astartes
8770-b0eb-f430-1dda,faction:-ultramarines
8770-b0eb-f430-1dda,grenades
8770-b0eb-f430-1dda,imperium
8770-b0eb-f430-1dda,infantry
8770-b0eb-f430-1dda,tyrannic-war-veterans
8863-9784-8377-aa7a,faction:-adeptus-mechanicus
8863-9784-8377-aa7a,imperium
8863-9784-8377-aa7a,infantry
8863-9784-8377-aa7a,ruststalkers
8863-9784-8377-aa7a,sicarian
8863-9784-8377-aa7a,skitarii
8865-df22-1629-bf02,faction:-grey-knights
8865-df22-1629-bf02,grenades
8865-df22-1629-bf02,imperium
8865-df22-1629-bf02,infantry
8865-df22-1629-bf02,psyker
8865-df22-1629-bf02,purifier-squad
88af-6e47-7162-b1be,deathwatch
88af-6e47-7162-b1be,faction:-agents-of-the-imperium
88af-6e47-7162-b1be,grenades
88af-6e47-7162-b1be,imperium
88af-6e47-7162-b1be,infantry
88af-6e47-7162-b1be,kill-team
88af-6e47-7162-b1be,kill-team-cassius
88af-6e47-7162-b1be,ordo-xenos
896c-5816-3abd-5199,beast
896c-5816-3abd-5199,chaos
896c-5816-3abd-5199,chaos-spawn
896c-5816-3abd-5199,faction:-emperor's-children
896c-5816-3abd-5199,slaanesh
8a25-2a0c-87d2-3ea6,death-korps-grenadier-squad
8a25-2a0c-87d2-3ea6,faction:-astra-militarum
8a25-2a0c-87d2-3ea6,grenades
8a25-2a0c-87d2-3ea6,imperium
8a25-2a0c-87d2-3ea6,infantry
8a25-2a0c-87d2-3ea6,krieg
8a25-2a0c-87d2-3ea6,platoon
8a25-2a0c-87d2-3ea6,regiment
8a84-a8fd-977e-9118,faction:-genestealer-cults
8a84-a8fd-977e-9118,great-devourer
8a84-a8fd-977e-9118,grenades
8a84-a8fd-977e-9118,hybrid-metamorphs
8a84-a8fd-977e-9118,infantry
8b9f-917f-37c1-99c3,chaos
8b9f-917f-37c1-99c3,faction:-thousand-sons
8b9f-917f-37c1-99c3,fly
8b9f-917f-37c1-99c3,mounted
8b9f-917f-37c1-99c3,mutant
8b9f-917f-37c1-99c3,tzaangor-enlightened
8b9f-917f-37c1-99c3,tzaangor-enlightened-with-fatecaster-greatbows
8b9f-917f-37c1-99c3,tzeentch
8bbe-e7fc-44b7-ed94,battleline
8bbe-e7fc-44b7-ed94,faction:-adeptus-astartes
8bbe-e7fc-44b7-ed94,faction:-black-templars
8bbe-e7fc-44b7-ed94,grenades
8bbe-e7fc-44b7-ed94,imperium
8bbe-e7fc-44b7-ed94,infantry
8bbe-e7fc-44b7-ed94,primaris-crusader-squad
8bbe-e7fc-44b7-ed94,tacticus
8c36-c946-2e0f-f648,faction:-orks
8c36-c946-2e0f-f648,grots
8c36-c946-2e0f-f648,killa-kans
8c36-c946-2e0f-f648,vehicle
8c36-c946-2e0f-f648,walker
8ccc-3f27-7e4e-da81,endless-multitude
8ccc-3f27-7e4e-da81,faction:-tyranids
8ccc-3f27-7e4e-da81,great-devourer
8ccc-3f27-7e4e-da81,infantry
8ccc-3f27-7e4e-da81,neurogaunts
8da0-4570-c3c-819f,battleline
8da0-4570-c3c-819f,faction:-adeptus-astartes
8da0-4570-c3c-819f,grenades
8da0-4570-c3c-819f,imperium
8da0-4570-c3c-819f,infantry
8da0-4570-c3c-819f,intercessor-squad
8da0-4570-c3c-819f,tacticus
8dc5-4dcb-d77f-7d23,chaos
8dc5-4dcb-d77f-7d23,damned
8dc5-4dcb-d77f-7d23,faction:-heretic-astartes
8dc5-4dcb-d77f-7d23,grenades
8dc5-4dcb-d77f-7d23,infantry
8dc5-4dcb-d77f-7d23,traitor-guardsmen-squad
8f33-5601-3707-78f4,brôkhyr
8f33-5601-3707-78f4,character
8f33-5601-3707-78f4,faction:-leagues-of-votann
8f33-5601-3707-78f4,infantry
9030-f62d-417-fc92,battleline
9030-f62d-417-fc92,chaos
9030-f62d-417-fc92,faction:-heretic-astartes
9030-f62d-417-fc92,grenades
9030-f62d-417-fc92,infantry
9030-f62d-417-fc92,nurgle
9030-f62d-417-fc92,plague-marines
904b-0319-7b2e-2145,battleline
904b-0319-7b2e-2145,chaos
904b-0319-7b2e-2145,daemon
904b-0319-7b2e-2145,faction:-plague-legions
904b-0319-7b2e-2145,infantry
904b-0319-7b2e-2145,nurgle
904b-0319-7b2e-2145,plaguebearers
904b-0319-7b2e-2145,summoned
907f-11-c4d1-ec21,grenades
907f-11-c4d1-ec21,imperium
907f-11-c4d1-ec21,infantry
907f-11-c4d1-ec21,sternguard-veteran-squad
907f-11-c4d1-ec21,tacticus
9086-5272-398b-bbce,faction:-leagues-of-votann
9086-5272-398b-bbce,fly
9086-5272-398b-bbce,grenades
9086-5272-398b-bbce,hernkyn-pioneers
9086-5272-398b-bbce,mounted
915d-ad53-9518-7a85,aeldari
915d-ad53-9518-7a85,faction:-ynnari
915d-ad53-9518-7a85,fly
915d-ad53-9518-7a85,mounted
915d-ad53-9518-7a85,reavers
9188-4709-00ba-e5e0,battleline
9188-4709-00ba-e5e0,chaos
9188-4709-00ba-e5e0,daemon
9188-4709-00ba-e5e0,faction:-blood-legions
9188-4709-00ba-e5e0,infantry
9188-4709-00ba-e5e0,khorne
9188-4709-00ba-e5e0,summoned
918b-c9ed-7af7-74df,faction:-adeptus-custodes
918b-c9ed-7af7-74df,fly
918b-c9ed-7af7-74df,imperium
918b-c9ed-7af7-74df,mounted
918b-c9ed-7af7-74df,vertus-praetors
919f-7076-c827-b844,convergence-of-dominion
919f-7076-c827-b844,faction:-necrons
919f-7076-c827-b844,fortification
919f-7076-c827-b844,vehicle
91a9-15e-b5f0-700f,cadian-heavy-weapons-squad
91a9-15e-b5f0-700f,faction:-astra-militarum
91a9-15e-b5f0-700f,grenades
91a9-15e-b5f0-700f,imperium
91a9-15e-b5f0-700f,infantry
91a9-15e-b5f0-700f,regiment
91b3-2e1c-e642-d213,battleline
91b3-2e1c-e642-d213,custodian-guard
91b3-2e1c-e642-d213,faction:-adeptus-custodes
91b3-2e1c-e642-d213,imperium
91b3-2e1c-e642-d213,infantry
91e4-38c4-a96f-2090,faction:-adeptus-astartes
91e4-38c4-a96f-2090,faction:-space-wolves
91e4-38c4-a96f-2090,grenades
91e4-38c4-a96f-2090,imperium
91e4-38c4-a96f-2090,infantry
91e4-38c4-a96f-2090,scout-squad
91e4-38c4-a96f-2090,smoke
91e4-38c4-a96f-2090,wolf-scouts
9238-473a-54ee-6b0e,chaos
9238-473a-54ee-6b0e,damned
9238-473a-54ee-6b0e,faction:-heretic-astartes
9238-473a-54ee-6b0e,infantry
9238-473a-54ee-6b0e,negavolt-cultists
9270-4b93-ca59-f3ed,aeldari
9270-4b93-ca59-f3ed,corsairs-and-travelling-players
9270-4b93-ca59-f3ed,faction:-harlequins
9270-4b93-ca59-f3ed,fly
9270-4b93-ca59-f3ed,harlequin-allies
9270-4b93-ca59-f3ed,mounted
9270-4b93-ca59-f3ed,skyweavers
9270-4b93-ca59-f3ed,smoke
9360-d8b2-cd92-9e7f,character
9360-d8b2-cd92-9e7f,faction:-agents-of-the-imperium
9360-d8b2-cd92-9e7f,grenades
9360-d8b2-cd92-9e7f,imperium
9360-d8b2-cd92-9e7f,infantry
9360-d8b2-cd92-9e7f,rogue-trader-entourage
9360-d8b2-cd92-9e7f,voidfarer-character
9360-d8b2-cd92-9e7f,voidfarers
9373-d0b3-94c9-e47,battlesuit
9373-d0b3-94c9-e47,crisis
9373-d0b3-94c9-e47,faction:-t'au-empire
9373-d0b3-94c9-e47,fireknife
9373-d0b3-94c9-e47,fly
9373-d0b3-94c9-e47,vehicle
9373-d0b3-94c9-e47,walker
939f-63bc-4a63-4d93,faction:-orks
939f-63bc-4a63-4d93,mounted
939f-63bc-4a63-4d93,skorchas
939f-63bc-4a63-4d93,speed-freeks
9435-1f44-7e5b-d510,chaos
9435-1f44-7e5b-d510,daemon
9435-1f44-7e5b-d510,eightbound
9435-1f44-7e5b-d510,faction:-world-eaters
9435-1f44-7e5b-d510,infantry
9435-1f44-7e5b-d510,khorne
9435-1f44-7e5b-d510,possessed
946c-d784-c8be-f21,chaos
946c-d784-c8be-f21,faction:-heretic-astartes
946c-d784-c8be-f21,havocs
946c-d784-c8be-f21,infantry
958-a256-360-8620,faction:-adeptus-mechanicus
958-a256-360-8620,fly
958-a256-360-8620,imperium
958-a256-360-8620,infantry
958-a256-360-8620,jump-pack
958-a256-360-8620,pteraxii
958-a256-360-8620,skitarii
958-a256-360-8620,sterylizors
9610-b148-8433-93b8,custodian-wardens
9610-b148-8433-93b8,faction:-adeptus-custodes
9610-b148-8433-93b8,imperium
9610-b148-8433-93b8,infantry
965b-496a-3a1b-22a8,faction:-genestealer-cults
965b-496a-3a1b-22a8,great-devourer
965b-496a-3a1b-22a8,infantry
965b-496a-3a1b-22a8,purestrain-genestealers
97f6-b1f8-c72d-e826,faction:-adeptus-astartes
97f6-b1f8-c72d-e826,fly
97f6-b1f8-c72d-e826,grenades
97f6-b1f8-c72d-e826,imperium
97f6-b1f8-c72d-e826,infantry
97f6-b1f8-c72d-e826,jump-pack
97f6-b1f8-c72d-e826,smoke
97f6-b1f8-c72d-e826,suppressor-squad
9932-3d2b-1e47-d53b,chaos
9932-3d2b-1e47-d53b,daemon
9932-3d2b-1e47-d53b,exalted-eightbound
9932-3d2b-1e47-d53b,faction:-world-eaters
9932-3d2b-1e47-d53b,infantry
9932-3d2b-1e47-d53b,khorne
9932-3d2b-1e47-d53b,possessed
9a96-8de3-f4aa-7497,faction:-adeptus-astartes
9a96-8de3-f4aa-7497,grenades
9a96-8de3-f4aa-7497,imperium
9a96-8de3-f4aa-7497,infantry
9a96-8de3-f4aa-7497,scout-sniper-squad
9a96-8de3-f4aa-7497,smoke
9b21-52b7-6d8b-3e51,battlesuit
9b21-52b7-6d8b-3e51,faction:-t'au-empire
9b21-52b7-6d8b-3e51,fly
9b21-52b7-6d8b-3e51,vehicle
9b21-52b7-6d8b-3e51,walker
9b21-52b7-6d8b-3e51,xv9-hazard
9b4-26b2-9e6d-a62d,faction:-adeptus-mechanicus
9b4-26b2-9e6d-a62d,imperium
9b4-26b2-9e6d-a62d,infantry
9b4-26b2-9e6d-a62d,infiltrators
9b4-26b2-9e6d-a62d,sicarian
9b4-26b2-9e6d-a62d,skitarii
9bd8-ac8c-2d3b-79f6,faction:-tyranids
9bd8-ac8c-2d3b-79f6,great-devourer
9bd8-ac8c-2d3b-79f6,infantry
9bd8-ac8c-2d3b-79f6,vanguard-invader
9bd8-ac8c-2d3b-79f6,von-ryan's-leapers
9c94-b663-fd31-6001,aeldari
9c94-b663-fd31-6001,faction:-asuryani
9c94-b663-fd31-6001,fly
9c94-b663-fd31-6001,infantry
9c94-b663-fd31-6001,jump-pack
9c94-b663-fd31-6001,shadow-spectres
9ce8-7a63-15c3-0347,battleline
9ce8-7a63-15c3-0347,endless-multitude
9ce8-7a63-15c3-0347,faction:-tyranids
9ce8-7a63-15c3-0347,fly
9ce8-7a63-15c3-0347,gargoyles
9ce8-7a63-15c3-0347,great-devourer
9ce8-7a63-15c3-0347,infantry
9ce8-7a63-15c3-0347,vanguard-invader
9d3f-134e-1f5b-531a,faction:-adeptus-astartes
9d3f-134e-1f5b-531a,imperium
9d3f-134e-1f5b-531a,infantry
9d3f-134e-1f5b-531a,relic-terminator-squad
9d3f-134e-1f5b-531a,terminator
9df-7c70-84d2-e095,chaos
9df-7c70-84d2-e095,damned
9df-7c70-84d2-e095,faction:-heretic-astartes
9df-7c70-84d2-e095,grenades
9df-7c70-84d2-e095,infantry
9df-7c70-84d2-e095,renegade-heavy-weapons-squad
9e51-a749-18ba-2ea4,faction:-orks
9e51-a749-18ba-2ea4,mounted
9e51-a749-18ba-2ea4,speed-freeks
9e51-a749-18ba-2ea4,wartrakks
9e9c-bf4d-2d40-be82,faction:-adeptus-astartes
9e9c-bf4d-2d40-be82,fly
9e9c-bf4d-2d40-be82,grenades
9e9c-bf4d-2d40-be82,imperium
9e9c-bf4d-2d40-be82,infantry
9e9c-bf4d-2d40-be82,jump-pack
9e9c-bf4d-2d40-be82,vanguard-veteran-squad
9e9c-bf4d-2d40-be82,vanguard-veteran-squad-with-jump-packs
9efd-5564-f0f5-21ea,carnifexes
9efd-5564-f0f5-21ea,faction:-tyranids
9efd-5564-f0f5-21ea,great-devourer
9efd-5564-f0f5-21ea,monster
9f33-ff4a-d948-4636,chaos
9f33-ff4a-d948-4636,daemon
9f33-ff4a-d948-4636,faction:-heretic-astartes
9f33-ff4a-d948-4636,fly
9f33-ff4a-d948-4636,infantry
9f33-ff4a-d948-4636,jump-pack
9f33-ff4a-d948-4636,warp-talons
a022-9bf6-f08b-c416,beast
a022-9bf6-f08b-c416,canoptek
a022-9bf6-f08b-c416,faction:-necrons
a022-9bf6-f08b-c416,fly
a022-9bf6-f08b-c416,wraiths
a037-a89c-f59f-8b1e,battleline
a037-a89c-f59f-8b1e,brotherhood-terminator-squad
a037-a89c-f59f-8b1e,faction:-grey-knights
a037-a89c-f59f-8b1e,grenades
a037-a89c-f59f-8b1e,imperium
a037-a89c-f59f-8b1e,infantry
a037-a89c-f59f-8b1e,psyker
a037-a89c-f59f-8b1e,terminator
a077-e1c9-f8f0-d38,faction:-adeptus-astartes
a077-e1c9-f8f0-d38,faction:-deathwatch
a077-e1c9-f8f0-d38,fortis-kill-team
a077-e1c9-f8f0-d38,grenades
a077-e1c9-f8f0-d38,imperium
a077-e1c9-f8f0-d38,infantry
a077-e1c9-f8f0-d38,kill-team
a077-e1c9-f8f0-d38,tacticus
a10b-fbfe-b1fa-6f0c,assault-intercessor-squad
a10b-fbfe-b1fa-6f0c,battleline
a10b-fbfe-b1fa-6f0c,faction:-adeptus-astartes
a10b-fbfe-b1fa-6f0c,grenades
a10b-fbfe-b1fa-6f0c,imperium
a10b-fbfe-b1fa-6f0c,infantry
a10b-fbfe-b1fa-6f0c,tacticus
a125-b6fb-2945-56a,faction:-tyranids
a125-b6fb-2945-56a,great-devourer
a125-b6fb-2945-56a,infantry
a125-b6fb-2945-56a,synapse
a125-b6fb-2945-56a,tyranid-warriors-with-ranged-bio-weapons
a197-f6c3-5d4a-5326,acolyte-hybrids
a197-f6c3-5d4a-5326,acolyte-hybrids-with-hand-flamers
a197-f6c3-5d4a-5326,battleline
a197-f6c3-5d4a-5326,faction:-genestealer-cults
a197-f6c3-5d4a-5326,great-devourer
a197-f6c3-5d4a-5326,grenades
a197-f6c3-5d4a-5326,infantry
a1b1-8647-15af-9731,chaos
a1b1-8647-15af-9731,damned
a1b1-8647-15af-9731,faction:-heretic-astartes
a1b1-8647-15af-9731,infantry
a1b1-8647-15af-9731,negavolt-cultists
a2aa-7688-dcb1-4132,battleline
a2aa-7688-dcb1-4132,cadian
a2aa-7688-dcb1-4132,cadian-shock-troops
a2aa-7688-dcb1-4132,faction:-astra-militarum
a2aa-7688-dcb1-4132,grenades
a2aa-7688-dcb1-4132,imperium
a2aa-7688-dcb1-4132,infantry
a2aa-7688-dcb1-4132,platoon
a2aa-7688-dcb1-4132,regiment
a3ea-7a0d-fef8-23bf,desolation-squad
a3ea-7a0d-fef8-23bf,faction:-adeptus-astartes
a3ea-7a0d-fef8-23bf,grenades
a3ea-7a0d-fef8-23bf,imperium
a3ea-7a0d-fef8-23bf,infantry
a3ea-7a0d-fef8-23bf,tacticus
a40-ff3f-c1ea-fea7,company-veterans
a40-ff3f-c1ea-fea7,faction:-adeptus-astartes
a40-ff3f-c1ea-fea7,grenades
a40-ff3f-c1ea-fea7,imperium
a40-ff3f-c1ea-fea7,mounted
a46f-848-b87d-4484,breachers
a46f-848-b87d-4484,cult-mechanicus
a46f-848-b87d-4484,faction:-adeptus-mechanicus
a46f-848-b87d-4484,imperium
a46f-848-b87d-4484,infantry
a46f-848-b87d-4484,kataphron
a499-86fa-4d0c-b06d,faction:-black-templars
a499-86fa-4d0c-b06d,grenades
a499-86fa-4d0c-b06d,imperium
a499-86fa-4d0c-b06d,infantry
a499-86fa-4d0c-b06d,sternguard-veteran-squad
a499-86fa-4d0c-b06d,tacticus
a523-606f-b05c-851e,cult-mechanicus
a523-606f-b05c-851e,faction:-adeptus-mechanicus
a523-606f-b05c-851e,imperium
a523-606f-b05c-851e,infantry
a523-606f-b05c-851e,servitor-battleclade
a594-317-b90a-a226,battlesuit
a594-317-b90a-a226,broadside
a594-317-b90a-a226,faction:-t'au-empire
a594-317-b90a-a226,vehicle
a594-317-b90a-a226,walker
a596-3d99-257e-0ea1,breaka-boyz
a596-3d99-257e-0ea1,faction:-orks
a596-3d99-257e-0ea1,grenades
a596-3d99-257e-0ea1,infantry
a5c9-6285-af1e-3cc3,beast
a5c9-6285-af1e-3cc3,chaos
a5c9-6285-af1e-3cc3,daemon
a5c9-6285-af1e-3cc3,faction:-legiones-daemonica
a5c9-6285-af1e-3cc3,nurgle
a5c9-6285-af1e-3cc3,nurgle-non-battleline
a5c9-6285-af1e-3cc3,plague-toads
a5c9-6285-af1e-3cc3,shadow-legion
a5d3-e21b-bf13-a952,aeldari
a5d3-e21b-bf13-a952,cronos
a5d3-e21b-bf13-a952,faction:-drukhari
a5d3-e21b-bf13-a952,fly
a5d3-e21b-bf13-a952,haemonculus-covens
a5d3-e21b-bf13-a952,monster
a6cc-9a65-dbf1-71b0,deathwing
a6cc-9a65-dbf1-71b0,deathwing-knights
a6cc-9a65-dbf1-71b0,faction:-adeptus-astartes
a6cc-9a65-dbf1-71b0,faction:-dark-angels
a6cc-9a65-dbf1-71b0,imperium
a6cc-9a65-dbf1-71b0,infantry
a6cc-9a65-dbf1-71b0,terminator
a7ae-e495-683b-7c90,faction:-adeptus-astartes
a7ae-e495-683b-7c90,grenades
a7ae-e495-683b-7c90,imperium
a7ae-e495-683b-7c90,infantry
a7ae-e495-683b-7c90,phobos
a7ae-e495-683b-7c90,reiver-squad
a7ae-e495-683b-7c90,smoke
a7bb-ec24-40e6-5b8c,chaos
a7bb-ec24-40e6-5b8c,damned
a7bb-ec24-40e6-5b8c,faction:-heretic-astartes
a7bb-ec24-40e6-5b8c,infantry
a7bb-ec24-40e6-5b8c,nurgle
a7bb-ec24-40e6-5b8c,renegade-plague-ogryns
a7e1-5b53-1d89-e1e3,acanthrites
a7e1-5b53-1d89-e1e3,beast
a7e1-5b53-1d89-e1e3,canoptek
a7e1-5b53-1d89-e1e3,faction:-necrons
a7e1-5b53-1d89-e1e3,fly
aa9f-f137-1638-0369,faction:-astra-militarum
aa9f-f137-1638-0369,grenades
aa9f-f137-1638-0369,imperium
aa9f-f137-1638-0369,infantry
aa9f-f137-1638-0369,militarum-tempestus
aa9f-f137-1638-0369,regiment
aa9f-f137-1638-0369,smoke
aa9f-f137-1638-0369,tempestus-aquilons
abe4-ca71-d5a7-3883,faction:-astra-militarum
abe4-ca71-d5a7-3883,grenades
abe4-ca71-d5a7-3883,imperium
abe4-ca71-d5a7-3883,infantry
abe4-ca71-d5a7-3883,kasrkin
abe4-ca71-d5a7-3883,regiment
ac7a-2560-c083-45b8,faction:-tyranids
ac7a-2560-c083-45b8,great-devourer
ac7a-2560-c083-45b8,hive-guard
ac7a-2560-c083-45b8,infantry
acb5-dbf2-e3a6-ad94,chaos
acb5-dbf2-e3a6-ad94,faction:-heretic-astartes
acb5-dbf2-e3a6-ad94,fly
acb5-dbf2-e3a6-ad94,infantry
acb5-dbf2-e3a6-ad94,jump-pack
acb5-dbf2-e3a6-ad94,raptors
acdd-2901-1a75-99f4,battleline
acdd-2901-1a75-99f4,faction:-t'au-empire
acdd-2901-1a75-99f4,fire-warrior
acdd-2901-1a75-99f4,grenades
acdd-2901-1a75-99f4,infantry
acdd-2901-1a75-99f4,markerlight
acdd-2901-1a75-99f4,strike-team
ad2-6549-8a19-d745,faction:-t'au-empire
ad2-6549-8a19-d745,fly
ad2-6549-8a19-d745,piranha
ad2-6549-8a19-d745,vehicle
ade0-fa44-d4cf-4fc8,battleline
ade0-fa44-d4cf-4fc8,death-korps-of-krieg
ade0-fa44-d4cf-4fc8,faction:-astra-militarum
ade0-fa44-d4cf-4fc8,grenades
ade0-fa44-d4cf-4fc8,imperium
ade0-fa44-d4cf-4fc8,infantry
ade0-fa44-d4cf-4fc8,platoon
ade0-fa44-d4cf-4fc8,regiment
ae9a-10e3-8091-20,faction:-adeptus-astartes
ae9a-10e3-8091-20,imperium
ae9a-10e3-8091-20,infantry
ae9a-10e3-8091-20,terminator
ae9a-10e3-8091-20,terminator-assault-squad
aec5-4419-39e7-3e63,battleline
aec5-4419-39e7-3e63,chaos
aec5-4419-39e7-3e63,daemon
aec5-4419-39e7-3e63,faction:-scintillating-legions
aec5-4419-39e7-3e63,horrors
aec5-4419-39e7-3e63,infantry
aec5-4419-39e7-3e63,summoned
aec5-4419-39e7-3e63,tzeentch
af0f-5212-907e-7125,custodian-guard
af0f-5212-907e-7125,faction:-adeptus-custodes
af0f-5212-907e-7125,imperium
af0f-5212-907e-7125,infantry
afc0-2b21-8ddc-3b2a,battleline
afc0-2b21-8ddc-3b2a,breacher-team
afc0-2b21-8ddc-3b2a,faction:-t'au-empire
afc0-2b21-8ddc-3b2a,fire-warrior
afc0-2b21-8ddc-3b2a,grenades
afc0-2b21-8ddc-3b2a,infantry
afc0-2b21-8ddc-3b2a,markerlight
afed-8173-a1e0-cbae,chaos
afed-8173-a1e0-cbae,damned
afed-8173-a1e0-cbae,faction:-heretic-astartes
afed-8173-a1e0-cbae,mutoid-vermin
afed-8173-a1e0-cbae,nurgle
afed-8173-a1e0-cbae,swarm
b007-fc7b-8e4a-b017,faction:-adeptus-astartes
b007-fc7b-8e4a-b017,grenades
b007-fc7b-8e4a-b017,imperium
b007-fc7b-8e4a-b017,infantry
b007-fc7b-8e4a-b017,infernus-squad
b007-fc7b-8e4a-b017,tacticus
b16a-7132-3f8a-abe5,faction:-orks
b16a-7132-3f8a-abe5,grenades
b16a-7132-3f8a-abe5,infantry
b16a-7132-3f8a-abe5,nobz
b1cf-c5-5121-92a4,chaos
b1cf-c5-5121-92a4,faction:-thousand-sons
b1cf-c5-5121-92a4,infantry
b1cf-c5-5121-92a4,rubricae
b1cf-c5-5121-92a4,scarab-occult
b1cf-c5-5121-92a4,terminator
b1cf-c5-5121-92a4,tzeentch
b221-43a3-8bee-117c,aeldari
b221-43a3-8bee-117c,court-of-the-archon
b221-43a3-8bee-117c,faction:-drukhari
b221-43a3-8bee-117c,infantry
b221-43a3-8bee-117c,kabal
b31e-5003-5b63-a305,faction:-adeptus-mechanicus
b31e-5003-5b63-a305,fly
b31e-5003-5b63-a305,grenades
b31e-5003-5b63-a305,imperium
b31e-5003-5b63-a305,infantry
b31e-5003-5b63-a305,jump-pack
b31e-5003-5b63-a305,pteraxii
b31e-5003-5b63-a305,skitarii
b31e-5003-5b63-a305,skystalkers
b37a-8686-db2c-8cbd,faction:-orks
b37a-8686-db2c-8cbd,grots
b37a-8686-db2c-8cbd,mek-gunz
b37a-8686-db2c-8cbd,vehicle
b399-9b66-e550-8050,chaos
b399-9b66-e550-8050,faction:-world-eaters
b399-9b66-e550-8050,goremongers
b399-9b66-e550-8050,grenades
b399-9b66-e550-8050,infantry
b399-9b66-e550-8050,khorne
b556-b0e1-3b4e-597a,faction:-adeptus-astartes
b556-b0e1-3b4e-597a,faction:-space-wolves
b556-b0e1-3b4e-597a,fly
b556-b0e1-3b4e-597a,grenades
b556-b0e1-3b4e-597a,imperium
b556-b0e1-3b4e-597a,infantry
b556-b0e1-3b4e-597a,jump-pack
b556-b0e1-3b4e-597a,skyclaws
b563-c6d3-d0e5-1b78,faction:-tyranids
b563-c6d3-d0e5-1b78,fly
b563-c6d3-d0e5-1b78,great-devourer
b563-c6d3-d0e5-1b78,infantry
b563-c6d3-d0e5-1b78,venomthropes
b5d2-8681-6bba-f05b,battleline
b5d2-8681-6bba-f05b,faction:-genestealer-cults
b5d2-8681-6bba-f05b,great-devourer
b5d2-8681-6bba-f05b,grenades
b5d2-8681-6bba-f05b,infantry
b5d2-8681-6bba-f05b,neophyte-hybrids
b5e8-c34b-566b-8bda,faction:-adeptus-astartes
b5e8-c34b-566b-8bda,grenades
b5e8-c34b-566b-8bda,imperium
b5e8-c34b-566b-8bda,mounted
b5e8-c34b-566b-8bda,outrider-squad
b622-a22-a04f-6303,faction:-tyranids
b622-a22-a04f-6303,fly
b622-a22-a04f-6303,great-devourer
b622-a22-a04f-6303,infantry
b622-a22-a04f-6303,psyker
b622-a22-a04f-6303,synapse
b622-a22-a04f-6303,zoanthropes
b657-1743-6e3a-0838,beast
b657-1743-6e3a-0838,chaos
b657-1743-6e3a-0838,daemon
b657-1743-6e3a-0838,faction:-blood-legions
b657-1743-6e3a-0838,flesh-hounds
b657-1743-6e3a-0838,khorne
b657-1743-6e3a-0838,summoned
b795-b936-ad61-e407,battleline
b795-b936-ad61-e407,chaos
b795-b936-ad61-e407,daemon
b795-b936-ad61-e407,faction:-legiones-daemonica
b795-b936-ad61-e407,infantry
b795-b936-ad61-e407,shadow-legion
b795-b936-ad61-e407,tzeentch
b795-b936-ad61-e407,tzeentch-battleline
b7c3-d00e-daf2-76fb,battleline
b7c3-d00e-daf2-76fb,beast-snagga
b7c3-d00e-daf2-76fb,beast-snagga-boyz
b7c3-d00e-daf2-76fb,faction:-orks
b7c3-d00e-daf2-76fb,infantry
b7c3-d00e-daf2-76fb,mob
b7d7-14c9-63c1-ded5,deathmarks
b7d7-14c9-63c1-ded5,faction:-necrons
b7d7-14c9-63c1-ded5,infantry
b91-ba27-3842-76c,faction:-t'au-empire
b91-ba27-3842-76c,fly
b91-ba27-3842-76c,infantry
b91-ba27-3842-76c,vespid-stingwings
b98b-701f-9c0c-5437,aeldari
b98b-701f-9c0c-5437,faction:-asuryani
b98b-701f-9c0c-5437,infantry
b98b-701f-9c0c-5437,rangers
b98b-701f-9c0c-5437,ynnari
ba33-c21-bddc-ab0,battleline
ba33-c21-bddc-ab0,faction:-adeptus-mechanicus
ba33-c21-bddc-ab0,imperium
ba33-c21-bddc-ab0,infantry
ba33-c21-bddc-ab0,skitarii
ba33-c21-bddc-ab0,vanguard
ba4f-c3f9-6925-af0c,battleline
ba4f-c3f9-6925-af0c,faction:-leagues-of-votann
ba4f-c3f9-6925-af0c,grenades
ba4f-c3f9-6925-af0c,hearthkyn-warriors
ba4f-c3f9-6925-af0c,infantry
bb4f-4359-cc16-e6d5,aeldari
bb4f-4359-cc16-e6d5,faction:-asuryani
bb4f-4359-cc16-e6d5,infantry
bb4f-4359-cc16-e6d5,wraith-construct
bb4f-4359-cc16-e6d5,wraithblades
bb4f-4359-cc16-e6d5,ynnari
bb83-db85-6ce1-9a61,death-company-intercessors
bb83-db85-6ce1-9a61,faction:-adeptus-astartes
bb83-db85-6ce1-9a61,faction:-blood-angels
bb83-db85-6ce1-9a61,grenades
bb83-db85-6ce1-9a61,imperium
bb83-db85-6ce1-9a61,infantry
bb83-db85-6ce1-9a61,tacticus
bbab-6f86-5279-be89,battleline
bbab-6f86-5279-be89,chaos
bbab-6f86-5279-be89,cultist-mob-with-firearms
bbab-6f86-5279-be89,damned
bbab-6f86-5279-be89,faction:-heretic-astartes
bbab-6f86-5279-be89,grenades
bbab-6f86-5279-be89,infantry
bbbf-a0fb-d032-3a61,damned-legionaires
bbbf-a0fb-d032-3a61,faction:-agents-of-the-imperium
bbbf-a0fb-d032-3a61,grenades
bbbf-a0fb-d032-3a61,imperium
bbbf-a0fb-d032-3a61,infantry
bbbf-a0fb-d032-3a61,retinue
bcec-dc54-9242-4e13,aeldari
bcec-dc54-9242-4e13,faction:-asuryani
bcec-dc54-9242-4e13,vehicle
bcec-dc54-9242-4e13,walker
bcec-dc54-9242-4e13,war-walkers
bcec-dc54-9242-4e13,ynnari
bcfe-f4fb-5c44-652d,death-company
bcfe-f4fb-5c44-652d,death-company-marines-with-boltguns-and-jump-packs
bcfe-f4fb-5c44-652d,faction:-adeptus-astartes
bcfe-f4fb-5c44-652d,faction:-blood-angels
bcfe-f4fb-5c44-652d,grenades
bcfe-f4fb-5c44-652d,imperium
bcfe-f4fb-5c44-652d,infantry
bd6c-8683-8bc4-962d,faction:-adeptus-mechanicus
bd6c-8683-8bc4-962d,imperium
bd6c-8683-8bc4-962d,kastelan-robots
bd6c-8683-8bc4-962d,legio-cybernetica
bd6c-8683-8bc4-962d,vehicle
bd6c-8683-8bc4-962d,walker
bee9-172b-7db7-f748,faction:-adepta-sororitas
bee9-172b-7db7-f748,fly
bee9-172b-7db7-f748,grenades
bee9-172b-7db7-f748,imperium
bee9-172b-7db7-f748,infantry
bee9-172b-7db7-f748,jump-pack
bee9-172b-7db7-f748,seraphim-squad
bfe7-b726-9158-d5ad,assault-squad-with-jump-packs
bfe7-b726-9158-d5ad,faction:-adeptus-astartes
bfe7-b726-9158-d5ad,fly
bfe7-b726-9158-d5ad,grenades
bfe7-b726-9158-d5ad,imperium
bfe7-b726-9158-d5ad,infantry
bfe7-b726-9158-d5ad,jump-pack
c09a-6504-d25f-477,battleline
c09a-6504-d25f-477,faction:-adeptus-astartes
c09a-6504-d25f-477,grenades
c09a-6504-d25f-477,imperium
c09a-6504-d25f-477,infantry
c09a-6504-d25f-477,tactical-squad
c10d-772e-a54f-a2b9,burrowers
c10d-772e-a54f-a2b9,character
c10d-772e-a54f-a2b9,faction:-tyranids
c10d-772e-a54f-a2b9,great-devourer
c10d-772e-a54f-a2b9,hyperadapted-raveners
c10d-772e-a54f-a2b9,infantry
c10d-772e-a54f-a2b9,vanguard-invader
c1ff-dc11-9853-e3e3,aeldari
c1ff-dc11-9853-e3e3,faction:-asuryani
c1ff-dc11-9853-e3e3,fly
c1ff-dc11-9853-e3e3,mounted
c1ff-dc11-9853-e3e3,shroud-runners
c1ff-dc11-9853-e3e3,ynnari
c219-a708-f5b0-f0e7,faction:-necrons
c219-a708-f5b0-f0e7,flayed-ones
c219-a708-f5b0-f0e7,infantry
c2ca-f754-cc05-0743,beast
c2ca-f754-cc05-0743,chaos
c2ca-f754-cc05-0743,daemon
c2ca-f754-cc05-0743,faction:-legions-of-excess
c2ca-f754-cc05-0743,fiends
c2ca-f754-cc05-0743,slaanesh
c2ca-f754-cc05-0743,summoned
c49d-f150-4b3-c118,faction:-adepta-sororitas
c49d-f150-4b3-c118,grenades
c49d-f150-4b3-c118,imperium
c49d-f150-4b3-c118,infantry
c49d-f150-4b3-c118,retributor-squad
c4e3-f6b0-f3aa-9d90,faction:-necrons
c4e3-f6b0-f3aa-9d90,infantry
c4e3-f6b0-f3aa-9d90,lychguard
c523-a2e2-a398-ea00,faction:-t'au-empire
c523-a2e2-a398-ea00,grenades
c523-a2e2-a398-ea00,kroot
c523-a2e2-a398-ea00,krootox-riders
c523-a2e2-a398-ea00,mounted
c538-aaf0-5788-5c07,deathwatch
c538-aaf0-5788-5c07,grenades
c538-aaf0-5788-5c07,imperium
c538-aaf0-5788-5c07,indomitor-kill-team
c538-aaf0-5788-5c07,infantry
c570-c6ba-c9dc-5a44,eradicator-squad
c570-c6ba-c9dc-5a44,faction:-adeptus-astartes
c570-c6ba-c9dc-5a44,gravis
c570-c6ba-c9dc-5a44,grenades
c570-c6ba-c9dc-5a44,imperium
c570-c6ba-c9dc-5a44,infantry
c590-436d-4fd-ef26,beast
c590-436d-4fd-ef26,faction:-tyranids
c590-436d-4fd-ef26,fly
c590-436d-4fd-ef26,great-devourer
c590-436d-4fd-ef26,spore-mines
c679-f252-32b1-ebcc,faction:-adeptus-astartes
c679-f252-32b1-ebcc,faction:-deathwatch
c679-f252-32b1-ebcc,fly
c679-f252-32b1-ebcc,grenades
c679-f252-32b1-ebcc,imperium
c679-f252-32b1-ebcc,infantry
c679-f252-32b1-ebcc,jump-pack
c679-f252-32b1-ebcc,kill-team
c679-f252-32b1-ebcc,talonstrike-kill-team
c6db-9736-4d53-3ef6,destroyer-cult
c6db-9736-4d53-3ef6,faction:-necrons
c6db-9736-4d53-3ef6,infantry
c6db-9736-4d53-3ef6,ophydian-destroyers
c8a6-a4c5-703e-b717,allarus-custodians
c8a6-a4c5-703e-b717,faction:-adeptus-custodes
c8a6-a4c5-703e-b717,imperium
c8a6-a4c5-703e-b717,infantry
c8a6-a4c5-703e-b717,terminator
c8f9-74d3-2fb0-da02,beast
c8f9-74d3-2fb0-da02,hunting-wolves
c8f9-74d3-2fb0-da02,imperium
c90f-a8e5-6afa-eb91,aeldari
c90f-a8e5-6afa-eb91,aspect-warrior
c90f-a8e5-6afa-eb91,faction:-asuryani
c90f-a8e5-6afa-eb91,infantry
c90f-a8e5-6afa-eb91,striking-scorpions
c90f-a8e5-6afa-eb91,ynnari
c9df-2c38-25e5-ffc7,chaos
c9df-2c38-25e5-ffc7,daemon
c9df-2c38-25e5-ffc7,faction:-legions-of-excess
c9df-2c38-25e5-ffc7,mounted
c9df-2c38-25e5-ffc7,seekers
c9df-2c38-25e5-ffc7,slaanesh
c9df-2c38-25e5-ffc7,summoned
c9eb-2007-af01-a853,faction:-astra-militarum
c9eb-2007-af01-a853,grenades
c9eb-2007-af01-a853,imperium
c9eb-2007-af01-a853,infantry
c9eb-2007-af01-a853,ogryn
c9eb-2007-af01-a853,ogryn-squad
ca30-caf3-d7a8-1d32,faction:-adeptus-astartes
ca30-caf3-d7a8-1d32,faction:-space-wolves
ca30-caf3-d7a8-1d32,imperium
ca30-caf3-d7a8-1d32,infantry
ca30-caf3-d7a8-1d32,terminator
ca30-caf3-d7a8-1d32,wolf-guard
ca30-caf3-d7a8-1d32,wolf-guard-terminators
ca4e-47d5-a704-8e5a,assault-squad
ca4e-47d5-a704-8e5a,faction:-adeptus-astartes
ca4e-47d5-a704-8e5a,grenades
ca4e-47d5-a704-8e5a,imperium
ca4e-47d5-a704-8e5a,infantry
ca59-3760-5efc-9846,faction:-adepta-sororitas
ca59-3760-5efc-9846,imperium
ca59-3760-5efc-9846,infantry
ca59-3760-5efc-9846,penitent
cae9-5277-87f4-54b8,canoptek
cae9-5277-87f4-54b8,faction:-necrons
cae9-5277-87f4-54b8,fly
cae9-5277-87f4-54b8,spyders
cae9-5277-87f4-54b8,vehicle
cb1-5bcf-9e36-8136,chaos
cb1-5bcf-9e36-8136,daemon
cb1-5bcf-9e36-8136,faction:-heretic-astartes
cb1-5bcf-9e36-8136,infantry
cb1-5bcf-9e36-8136,possessed
cbb7-6669-a014-36fe,aeldari
cbb7-6669-a014-36fe,anhrathe
cbb7-6669-a014-36fe,corsair-voidscarred
cbb7-6669-a014-36fe,corsairs-and-travelling-players
cbb7-6669-a014-36fe,faction:-asuryani
cbb7-6669-a014-36fe,grenades
cbb7-6669-a014-36fe,infantry
cbb7-6669-a014-36fe,ynnari
cc68-ad19-7285-7a11,aeldari
cc68-ad19-7285-7a11,anhrathe
cc68-ad19-7285-7a11,battleline
cc68-ad19-7285-7a11,corsair-voidreavers
cc68-ad19-7285-7a11,corsairs-and-travelling-players
cc68-ad19-7285-7a11,faction:-asuryani
cc68-ad19-7285-7a11,grenades
cc68-ad19-7285-7a11,infantry
cc68-ad19-7285-7a11,ynnari
cd03-e1f3-fa31-a271,chaos
cd03-e1f3-fa31-a271,daemon
cd03-e1f3-fa31-a271,faction:-plague-legions
cd03-e1f3-fa31-a271,fly
cd03-e1f3-fa31-a271,mounted
cd03-e1f3-fa31-a271,nurgle
cd03-e1f3-fa31-a271,plague-drones
cd03-e1f3-fa31-a271,summoned
cd9c-96e7-6dcb-bedf,epic-hero
cdd9-efda-95-e7b2,assault-intercessors-with-jump-packs
cdd9-efda-95-e7b2,faction:-adeptus-astartes
cdd9-efda-95-e7b2,fly
cdd9-efda-95-e7b2,grenades
cdd9-efda-95-e7b2,imperium
cdd9-efda-95-e7b2,infantry
cdd9-efda-95-e7b2,jump-pack
cdd9-efda-95-e7b2,tacticus
ce8e-af89-58fe-94bd,character
ce8e-af89-58fe-94bd,damned
cf71-a12a-2730-c40b,achilles-ridgerunners
cf71-a12a-2730-c40b,faction:-genestealer-cults
cf71-a12a-2730-c40b,great-devourer
cf71-a12a-2730-c40b,vehicle
d1eb-b092-d944-e729,battleline
d1eb-b092-d944-e729,chaos
d1eb-b092-d944-e729,daemon
d1eb-b092-d944-e729,faction:-legiones-daemonica
d1eb-b092-d944-e729,infantry
d1eb-b092-d944-e729,nurgle
d1eb-b092-d944-e729,nurgle-battleline
d1eb-b092-d944-e729,plaguebearers
d1eb-b092-d944-e729,shadow-legion
d1ee-8d05-4fae-1727,beast
d1ee-8d05-4fae-1727,chaos
d1ee-8d05-4fae-1727,daemon
d1ee-8d05-4fae-1727,faction:-legiones-daemonica
d1ee-8d05-4fae-1727,fiends
d1ee-8d05-4fae-1727,shadow-legion
d1ee-8d05-4fae-1727,slaanesh
d1ee-8d05-4fae-1727,slaanesh-non-battleline
d20b-783-ccf6-b29d,aeldari
d20b-783-ccf6-b29d,battleline
d20b-783-ccf6-b29d,faction:-drukhari
d20b-783-ccf6-b29d,infantry
d20b-783-ccf6-b29d,kabal
d20b-783-ccf6-b29d,kabalite-warriors
d2b8-454a-d061-b592,chaos
d2b8-454a-d061-b592,character
d2b8-454a-d061-b592,faction:-heretic-astartes
d2b8-454a-d061-b592,grenades
d2b8-454a-d061-b592,infantry
d2c6-bd0b-3205-3319,faction:-tyranids
d2c6-bd0b-3205-3319,great-devourer
d2c6-bd0b-3205-3319,harvester
d2c6-bd0b-3205-3319,infantry
d2c6-bd0b-3205-3319,pyrovores
d3a3-2d20-bd7e-6778,character
d3a3-2d20-bd7e-6778,faction:-leagues-of-votann
d3a3-2d20-bd7e-6778,infantry
d44c-5cde-cb79-3ec3,adeptus-arbites
d44c-5cde-cb79-3ec3,battleline
d44c-5cde-cb79-3ec3,faction:-agents-of-the-imperium
d44c-5cde-cb79-3ec3,grenades
d44c-5cde-cb79-3ec3,imperium
d44c-5cde-cb79-3ec3,infantry
d44c-5cde-cb79-3ec3,retinue
d44c-5cde-cb79-3ec3,vigilant-squad
d4da-78a0-ef0-1e7e,elysian-sniper-squad
d4da-78a0-ef0-1e7e,faction:-astra-militarum
d4da-78a0-ef0-1e7e,grenades
d4da-78a0-ef0-1e7e,imperium
d4da-78a0-ef0-1e7e,infantry
d4da-78a0-ef0-1e7e,regiment
d4ef-1ddc-1ed5-5156,faction:-adeptus-astartes
d4ef-1ddc-1ed5-5156,faction:-space-wolves
d4ef-1ddc-1ed5-5156,infantry
d579-88cd-c634-f800,chaos
d579-88cd-c634-f800,cultists
d579-88cd-c634-f800,faction:-death-guard
d579-88cd-c634-f800,infantry
d579-88cd-c634-f800,nurgle
d61-c058-6bd1-112f,aeldari
d61-c058-6bd1-112f,faction:-asuryani
d61-c058-6bd1-112f,infantry
d61-c058-6bd1-112f,psyker
d61-c058-6bd1-112f,warlock
d61-c058-6bd1-112f,warlock-conclave
d61-c058-6bd1-112f,ynnari
d620-146a-41cd-f28f,chaos
d620-146a-41cd-f28f,daemon
d620-146a-41cd-f28f,faction:-legiones-daemonica
d620-146a-41cd-f28f,fly
d620-146a-41cd-f28f,mounted
d620-146a-41cd-f28f,nurgle
d620-146a-41cd-f28f,nurgle-non-battleline
d620-146a-41cd-f28f,plague-drones
d620-146a-41cd-f28f,shadow-legion
d631-3ca5-e206-4e6a,carnivores
d631-3ca5-e206-4e6a,faction:-t'au-empire
d631-3ca5-e206-4e6a,grenades
d631-3ca5-e206-4e6a,infantry
d631-3ca5-e206-4e6a,kroot
d6c3-e9d2-430d-6c2f,eliminator-squad
d6c3-e9d2-430d-6c2f,faction:-adeptus-astartes
d6c3-e9d2-430d-6c2f,grenades
d6c3-e9d2-430d-6c2f,imperium
d6c3-e9d2-430d-6c2f,infantry
d6c3-e9d2-430d-6c2f,phobos
d729-7e1f-93a9-b1c5,aeldari
d729-7e1f-93a9-b1c5,faction:-drukhari
d729-7e1f-93a9-b1c5,grotesques
d729-7e1f-93a9-b1c5,haemonculus-covens
d729-7e1f-93a9-b1c5,infantry
d81f-c9ac-e338-ba37,battleline
d81f-c9ac-e338-ba37,faction:-grey-knights
d81f-c9ac-e338-ba37,grenades
d81f-c9ac-e338-ba37,imperium
d81f-c9ac-e338-ba37,infantry
d81f-c9ac-e338-ba37,psyker
d81f-c9ac-e338-ba37,strike-squad
d929-b22d-3040-9707,dominion-squad
d929-b22d-3040-9707,faction:-adepta-sororitas
d929-b22d-3040-9707,grenades
d929-b22d-3040-9707,imperium
d929-b22d-3040-9707,infantry
d937-bd7d-618d-4e2d,faction:-adeptus-astartes
d937-bd7d-618d-4e2d,faction:-space-wolves
d937-bd7d-618d-4e2d,imperium
d937-bd7d-618d-4e2d,infantry
d937-bd7d-618d-4e2d,wulfen
d99a-6563-8c08-23c,dragoons-with-radium-jezzails
d99a-6563-8c08-23c,faction:-adeptus-mechanicus
d99a-6563-8c08-23c,imperium
d99a-6563-8c08-23c,skitarii
d99a-6563-8c08-23c,smoke
d99a-6563-8c08-23c,sydonian
d99a-6563-8c08-23c,vehicle
d99a-6563-8c08-23c,walker
d9ea-2965-24-d3a3,destroyer-cult
d9ea-2965-24-d3a3,faction:-necrons
d9ea-2965-24-d3a3,fly
d9ea-2965-24-d3a3,lokhust-heavy-destroyers
d9ea-2965-24-d3a3,mounted
d9f7-71b7-8e67-7f44,faction:-grey-knights
d9f7-71b7-8e67-7f44,fly
d9f7-71b7-8e67-7f44,grenades
d9f7-71b7-8e67-7f44,imperium
d9f7-71b7-8e67-7f44,infantry
d9f7-71b7-8e67-7f44,interceptor-squad
d9f7-71b7-8e67-7f44,psyker
da76-e18f-523e-d45a,allied-units
da76-e18f-523e-d45a,faction:-unaligned-forces
da76-e18f-523e-d45a,infantry
da76-e18f-523e-d45a,spindle-drones
dac1-6a7f-a06a-82cf,aeldari
dac1-6a7f-a06a-82cf,corsairs-and-travelling-players
dac1-6a7f-a06a-82cf,faction:-harlequins
dac1-6a7f-a06a-82cf,grenades
dac1-6a7f-a06a-82cf,harlequin-allies
dac1-6a7f-a06a-82cf,infantry
dac1-6a7f-a06a-82cf,troupe
dadc-d370-ef10-853c,faction:-orks
dadc-d370-ef10-853c,grenades
dadc-d370-ef10-853c,infantry
dadc-d370-ef10-853c,tankbustas
dc75-5a79-4121-1d72,beast
dc75-5a79-4121-1d72,faction:-adeptus-astartes
dc75-5a79-4121-1d72,faction:-space-wolves
dc75-5a79-4121-1d72,fenrisian-wolves
dc75-5a79-4121-1d72,imperium
dd2d-568a-9c56-1b6e,anathema-psykana
dd2d-568a-9c56-1b6e,faction:-adeptus-custodes
dd2d-568a-9c56-1b6e,imperium
dd2d-568a-9c56-1b6e,infantry
dd2d-568a-9c56-1b6e,vigilators
de16-2476-9749-b603,battlesuit
de16-2476-9749-b603,crisis
de16-2476-9749-b603,faction:-t'au-empire
de16-2476-9749-b603,fly
de16-2476-9749-b603,vehicle
de16-2476-9749-b603,walker
de59-f65c-181a-8509,battleline
de59-f65c-181a-8509,faction:-adeptus-mechanicus
de59-f65c-181a-8509,imperium
de59-f65c-181a-8509,infantry
de59-f65c-181a-8509,rangers
de59-f65c-181a-8509,skitarii
de8f-24f9-c543-92b7,faction:-orks
de8f-24f9-c543-92b7,gretchin
de8f-24f9-c543-92b7,grots
de8f-24f9-c543-92b7,infantry
dfcb-7854-1d6d-cd02,catachan-heavy-weapons-squad
dfcb-7854-1d6d-cd02,faction:-astra-militarum
dfcb-7854-1d6d-cd02,grenades
dfcb-7854-1d6d-cd02,imperium
dfcb-7854-1d6d-cd02,infantry
dfcb-7854-1d6d-cd02,regiment
e1c2-8417-403a-68,chaos
e1c2-8417-403a-68,damned
e1c2-8417-403a-68,faction:-heretic-astartes
e1c2-8417-403a-68,gellerpox-infected
e1c2-8417-403a-68,infantry
e1c2-8417-403a-68,nurgle
e3b1-1240-2476-cd86,battleline
e3b1-1240-2476-cd86,boyz
e3b1-1240-2476-cd86,faction:-orks
e3b1-1240-2476-cd86,grenades
e3b1-1240-2476-cd86,infantry
e3b1-1240-2476-cd86,mob
e403-3a9-279e-41b7,battleline
e403-3a9-279e-41b7,chaos
e403-3a9-279e-41b7,daemon
e403-3a9-279e-41b7,faction:-legiones-daemonica
e403-3a9-279e-41b7,nurgle
e403-3a9-279e-41b7,nurgle-battleline
e403-3a9-279e-41b7,nurglings
e403-3a9-279e-41b7,shadow-legion
e403-3a9-279e-41b7,swarm
e456-0afc-9b42-226c,battleline
e456-0afc-9b42-226c,chaos
e456-0afc-9b42-226c,grenades
e456-0afc-9b42-226c,infantry
e456-0afc-9b42-226c,infractors
e456-0afc-9b42-226c,slaanesh
e65f-c7c7-1d18-1a60,bloodcrushers
e65f-c7c7-1d18-1a60,chaos
e65f-c7c7-1d18-1a60,daemon
e65f-c7c7-1d18-1a60,faction:-blood-legions
e65f-c7c7-1d18-1a60,khorne
e65f-c7c7-1d18-1a60,mounted
e65f-c7c7-1d18-1a60,summoned
e6c2-f3b2-6d3e-c3d3,aeldari
e6c2-f3b2-6d3e-c3d3,aspect-warrior
e6c2-f3b2-6d3e-c3d3,dire-avengers
e6c2-f3b2-6d3e-c3d3,faction:-asuryani
e6c2-f3b2-6d3e-c3d3,grenades
e6c2-f3b2-6d3e-c3d3,infantry
e6c2-f3b2-6d3e-c3d3,ynnari
e6c4-3c73-1f0e-816d,bike-squad
e6c4-3c73-1f0e-816d,faction:-adeptus-astartes
e6c4-3c73-1f0e-816d,grenades
e6c4-3c73-1f0e-816d,imperium
e6c4-3c73-1f0e-816d,mounted
e75d-a7ac-7fcc-d302,faction:-adepta-sororitas
e75d-a7ac-7fcc-d302,grenades
e75d-a7ac-7fcc-d302,imperium
e75d-a7ac-7fcc-d302,paragon-warsuits
e75d-a7ac-7fcc-d302,vehicle
e75d-a7ac-7fcc-d302,walker
e775-4fe1-832b-95ca,faction:-adeptus-mechanicus
e775-4fe1-832b-95ca,imperium
e775-4fe1-832b-95ca,mounted
e775-4fe1-832b-95ca,serberys-sulphurhounds
e775-4fe1-832b-95ca,skitarii
e78a-4442-4ed2-66bf,aeldari
e78a-4442-4ed2-66bf,battleline
e78a-4442-4ed2-66bf,faction:-asuryani
e78a-4442-4ed2-66bf,grenades
e78a-4442-4ed2-66bf,guardian-defenders
e78a-4442-4ed2-66bf,guardians
e78a-4442-4ed2-66bf,infantry
e78a-4442-4ed2-66bf,ynnari
e7b8-aa40-6da7-778e,battleline
e7b8-aa40-6da7-778e,chaos
e7b8-aa40-6da7-778e,daemon
e7b8-aa40-6da7-778e,faction:-legiones-daemonica
e7b8-aa40-6da7-778e,infantry
e7b8-aa40-6da7-778e,shadow-legion
e7b8-aa40-6da7-778e,tzeentch
e7b8-aa40-6da7-778e,tzeentch-battleline
e87d-f173-88b9-aa84,character
e87d-f173-88b9-aa84,faction:-adeptus-astartes
e87d-f173-88b9-aa84,faction:-dark-angels
e87d-f173-88b9-aa84,grenades
e87d-f173-88b9-aa84,imperium
e87d-f173-88b9-aa84,mounted
e87d-f173-88b9-aa84,ravenwing
e87d-f173-88b9-aa84,ravenwing-command-squad
e88f-bc7a-c3f5-8e47,battlesuit
e88f-bc7a-c3f5-8e47,crisis
e88f-bc7a-c3f5-8e47,faction:-t'au-empire
e88f-bc7a-c3f5-8e47,fly
e88f-bc7a-c3f5-8e47,sunforge
e88f-bc7a-c3f5-8e47,vehicle
e88f-bc7a-c3f5-8e47,walker
e8ad-bd40-5952-6859,faction:-grey-knights
e8ad-bd40-5952-6859,grenades
e8ad-bd40-5952-6859,imperium
e8ad-bd40-5952-6859,infantry
e8ad-bd40-5952-6859,psyker
e8ad-bd40-5952-6859,purgation-squad
e8d-bf22-b29-d20e,chaos
e8d-bf22-b29-d20e,daemon
e8d-bf22-b29-d20e,faction:-legiones-daemonica
e8d-bf22-b29-d20e,hellflayer
e8d-bf22-b29-d20e,mounted
e8d-bf22-b29-d20e,shadow-legion
e8d-bf22-b29-d20e,slaanesh
e8d-bf22-b29-d20e,slaanesh-non-battleline
e969-cbc8-60a6-affb,faction:-orks
e969-cbc8-60a6-affb,mounted
e969-cbc8-60a6-affb,speed-freeks
e969-cbc8-60a6-affb,warbuggies
ea1b-99f6-c398-06b1,brôkhyr
ea1b-99f6-c398-06b1,exoframe
ea1b-99f6-c398-06b1,faction:-leagues-of-votann
ea1b-99f6-c398-06b1,infantry
ea1b-99f6-c398-06b1,thunderkyn
eade-6ec7-7236-bfdb,faction:-adepta-sororitas
eade-6ec7-7236-bfdb,grenades
eade-6ec7-7236-bfdb,imperium
eade-6ec7-7236-bfdb,infantry
eade-6ec7-7236-bfdb,sanctifiers
ec63-524d-55a-3065,adeptus-arbites
ec63-524d-55a-3065,exaction-squad
ec63-524d-55a-3065,faction:-agents-of-the-imperium
ec63-524d-55a-3065,grenades
ec63-524d-55a-3065,imperium
ec63-524d-55a-3065,infantry
ec63-524d-55a-3065,retinue
edca-1a1b-902d-421a,aeldari
edca-1a1b-902d-421a,battleline
edca-1a1b-902d-421a,faction:-drukhari
edca-1a1b-902d-421a,infantry
edca-1a1b-902d-421a,wych-cult
edca-1a1b-902d-421a,wyches
edce-f61c-8029-897f,deathwatch
edce-f61c-8029-897f,fortis-kill-team
edce-f61c-8029-897f,grenades
edce-f61c-8029-897f,imperium
edce-f61c-8029-897f,infantry
edde-57bf-bccc-d8b2,beast
edde-57bf-bccc-d8b2,chaos
edde-57bf-bccc-d8b2,faction:-world-eaters
edde-57bf-bccc-d8b2,khorne
edde-57bf-bccc-d8b2,spawn
edf8-643b-cd1-3c11,artillery
edf8-643b-cd1-3c11,faction:-adeptus-astartes
edf8-643b-cd1-3c11,firestrike-servo-turrets
edf8-643b-cd1-3c11,imperium
edf8-643b-cd1-3c11,vehicle
ef7a-c413-c779-2d18,cryptothralls
ef7a-c413-c779-2d18,faction:-necrons
ef7a-c413-c779-2d18,infantry
efa6-3620-2b6c-ce70,chaos
efa6-3620-2b6c-ce70,daemon
efa6-3620-2b6c-ce70,faction:-death-guard
efa6-3620-2b6c-ce70,infantry
efa6-3620-2b6c-ce70,possessed
f15b-9f9c-9bf0-8160,battleline
f15b-9f9c-9bf0-8160,endless-multitude
f15b-9f9c-9bf0-8160,faction:-tyranids
f15b-9f9c-9bf0-8160,great-devourer
f15b-9f9c-9bf0-8160,hormagaunts
f15b-9f9c-9bf0-8160,infantry
f1a-7c78-ffdc-bf5b,death-riders
f1a-7c78-ffdc-bf5b,faction:-astra-militarum
f1a-7c78-ffdc-bf5b,grenades
f1a-7c78-ffdc-bf5b,imperium
f1a-7c78-ffdc-bf5b,mounted
f1a-7c78-ffdc-bf5b,regiment
f1af-4984-1a52-c5,celestian-sacresants
f1af-4984-1a52-c5,faction:-adepta-sororitas
f1af-4984-1a52-c5,grenades
f1af-4984-1a52-c5,imperium
f1af-4984-1a52-c5,infantry
f1b9-b2e8-4ccf-d6cb,faction:-adeptus-astartes
f1b9-b2e8-4ccf-d6cb,grenades
f1b9-b2e8-4ccf-d6cb,imperium
f1b9-b2e8-4ccf-d6cb,infantry
f1b9-b2e8-4ccf-d6cb,vanguard-veteran-squad
f260-c746-b662-cc6c,faction:-t'au-empire
f260-c746-b662-cc6c,fly
f260-c746-b662-cc6c,heavy-gun-drones
f260-c746-b662-cc6c,vehicle
f26d-450d-1c55-caeb,battle-sisters-squad
f26d-450d-1c55-caeb,battleline
f26d-450d-1c55-caeb,faction:-adepta-sororitas
f26d-450d-1c55-caeb,grenades
f26d-450d-1c55-caeb,imperium
f26d-450d-1c55-caeb,infantry
f2e7-80c9-853d-2c6c,battleline
f2e7-80c9-853d-2c6c,chaos
f2e7-80c9-853d-2c6c,faction:-heretic-astartes
f2e7-80c9-853d-2c6c,infantry
f2e7-80c9-853d-2c6c,rubric-marines
f2e7-80c9-853d-2c6c,rubricae
f2e7-80c9-853d-2c6c,tzeentch
f34-e2f9-c98e-1916,deathwing
f34-e2f9-c98e-1916,faction:-adeptus-astartes
f34-e2f9-c98e-1916,faction:-dark-angels
f34-e2f9-c98e-1916,imperium
f34-e2f9-c98e-1916,infantry
f34-e2f9-c98e-1916,inner-circle-companions
f34-e2f9-c98e-1916,tacticus
f37d-87d6-e14c-e697,faction:-adeptus-astartes
f37d-87d6-e14c-e697,faction:-space-wolves
f37d-87d6-e14c-e697,grenades
f37d-87d6-e14c-e697,hounds-of-morkai
f37d-87d6-e14c-e697,imperium
f37d-87d6-e14c-e697,infantry
f37d-87d6-e14c-e697,phobos
f37d-87d6-e14c-e697,smoke
f46f-9d2b-1f97-aaf6,faction:-tyranids
f46f-9d2b-1f97-aaf6,fly
f46f-9d2b-1f97-aaf6,great-devourer
f46f-9d2b-1f97-aaf6,sky-slasher-swarms
f46f-9d2b-1f97-aaf6,swarm
f499-f326-8e40-9c8b,faction:-t'au-empire
f499-f326-8e40-9c8b,fly
f499-f326-8e40-9c8b,markerlight
f499-f326-8e40-9c8b,remora-stealth-drones
f499-f326-8e40-9c8b,vehicle
f4a3-1616-2f8e-59a3,faction:-adeptus-astartes
f4a3-1616-2f8e-59a3,faction:-ultramarines
f4a3-1616-2f8e-59a3,grenades
f4a3-1616-2f8e-59a3,honor-guard
f4a3-1616-2f8e-59a3,imperium
f4a3-1616-2f8e-59a3,infantry
f4b8-7132-6738-547c,faction:-t'au-empire
f4b8-7132-6738-547c,knarloc-riders
f4b8-7132-6738-547c,kroot
f4b8-7132-6738-547c,mounted
f51d-bc51-f301-9dee,aberrants
f51d-bc51-f301-9dee,faction:-genestealer-cults
f51d-bc51-f301-9dee,great-devourer
f51d-bc51-f301-9dee,infantry
f527-0a42-15b4-1924,deathwatch
f527-0a42-15b4-1924,grenades
f527-0a42-15b4-1924,imperium
f527-0a42-15b4-1924,infantry
f527-0a42-15b4-1924,kill-team
f527-0a42-15b4-1924,smoke
f527-0a42-15b4-1924,spectrus-kill-team
f52d-1814-7d66-1f7b,aeldari
f52d-1814-7d66-1f7b,faction:-asuryani
f52d-1814-7d66-1f7b,fly
f52d-1814-7d66-1f7b,mounted
f52d-1814-7d66-1f7b,psyker
f52d-1814-7d66-1f7b,warlock
f52d-1814-7d66-1f7b,warlock-skyrunners
f52d-1814-7d66-1f7b,ynnari
f5b9-50c8-5c60-d8ea,chaos
f5b9-50c8-5c60-d8ea,faction:-thousand-sons
f5b9-50c8-5c60-d8ea,infantry
f5b9-50c8-5c60-d8ea,mutant
f5b9-50c8-5c60-d8ea,tzaangors
f5b9-50c8-5c60-d8ea,tzeentch
f666-1f5d-0c20-06c1,chaos
f666-1f5d-0c20-06c1,faction:-heretic-astartes
f666-1f5d-0c20-06c1,grenades
f666-1f5d-0c20-06c1,infantry
f666-1f5d-0c20-06c1,nemesis-claw
f666-1f5d-0c20-06c1,psyker
f69d-2171-5f95-9c88,character
f69d-2171-5f95-9c88,damned
f788-ecf2-9b2e-bc23,defenders
f788-ecf2-9b2e-bc23,faction:-leagues-of-votann
f788-ecf2-9b2e-bc23,fly
f788-ecf2-9b2e-bc23,hernkyn
f788-ecf2-9b2e-bc23,kapricus
f788-ecf2-9b2e-bc23,vehicle
f81-b23c-e183-39d7,battleline
f81-b23c-e183-39d7,faction:-necrons
f81-b23c-e183-39d7,immortals
f81-b23c-e183-39d7,infantry
f909-00c7-8ba4-018a,battleline
f909-00c7-8ba4-018a,berzerkers
f909-00c7-8ba4-018a,chaos
f909-00c7-8ba4-018a,faction:-world-eaters
f909-00c7-8ba4-018a,grenades
f909-00c7-8ba4-018a,infantry
f909-00c7-8ba4-018a,khorne
f98a-5aa8-9305-2ed,drone
f98a-5aa8-9305-2ed,faction:-t'au-empire
f98a-5aa8-9305-2ed,fly
f98a-5aa8-9305-2ed,tactical-drones
f99a-af49-64c0-9bed,aeldari
f99a-af49-64c0-9bed,beast
f99a-af49-64c0-9bed,character
f99a-af49-64c0-9bed,faction:-drukhari
fa8f-f5a2-993-bdbb,battleline
fa8f-f5a2-993-bdbb,blood-claws
fa8f-f5a2-993-bdbb,faction:-adeptus-astartes
fa8f-f5a2-993-bdbb,faction:-space-wolves
fa8f-f5a2-993-bdbb,grenades
fa8f-f5a2-993-bdbb,imperium
fa8f-f5a2-993-bdbb,infantry
fa8f-f5a2-993-bdbb,tacticus
fac5-a242-951a-e1b2,daemon
fac5-a242-951a-e1b2,daemonhost
fac5-a242-951a-e1b2,faction:-agents-of-the-imperium
fac5-a242-951a-e1b2,imperium
fac5-a242-951a-e1b2,infantry
fac5-a242-951a-e1b2,psyker
fac5-a242-951a-e1b2,retinue
fb32-c683-b38f-d339,battlesuit
fb32-c683-b38f-d339,crisis
fb32-c683-b38f-d339,faction:-t'au-empire
fb32-c683-b38f-d339,fly
fb32-c683-b38f-d339,starscythe
fb32-c683-b38f-d339,vehicle
fb32-c683-b38f-d339,walker
fbcd-274b-0196-b4f6,character
fbcd-274b-0196-b4f6,command-squad
fbcd-274b-0196-b4f6,faction:-astra-militarum
fbcd-274b-0196-b4f6,grenades
fbcd-274b-0196-b4f6,imperium
fbcd-274b-0196-b4f6,infantry
fbcd-274b-0196-b4f6,krieg
fbcd-274b-0196-b4f6,platoon
fd31-64a2-b20f-f0bc,beast
fd31-64a2-b20f-f0bc,chaos
fd31-64a2-b20f-f0bc,daemon
fd31-64a2-b20f-f0bc,faction:-legiones-daemonica
fd31-64a2-b20f-f0bc,flesh-hounds
fd31-64a2-b20f-f0bc,khorne
fd31-64a2-b20f-f0bc,khorne-non-battleline
fd31-64a2-b20f-f0bc,shadow-legion
fd5a-f7a3-833c-85b,corpuscarii
fd5a-f7a3-833c-85b,cult-mechanicus
fd5a-f7a3-833c-85b,electro-priests
fd5a-f7a3-833c-85b,faction:-adeptus-mechanicus
fd5a-f7a3-833c-85b,imperium
fd5a-f7a3-833c-85b,infantry
fd5b-9e27-797d-6a3a,chaos
fd5b-9e27-797d-6a3a,daemon
fd5b-9e27-797d-6a3a,faction:-legiones-daemonica
fd5b-9e27-797d-6a3a,mounted
fd5b-9e27-797d-6a3a,nurgle
fd5b-9e27-797d-6a3a,nurgle-non-battleline
fd5b-9e27-797d-6a3a,pox-riders
fd5b-9e27-797d-6a3a,shadow-legion
fe4b-b3a4-69b7-3088,chaos
fe4b-b3a4-69b7-3088,faction:-thousand-sons
fe4b-b3a4-69b7-3088,sekhetar-robots
fe4b-b3a4-69b7-3088,tzeentch
fe4b-b3a4-69b7-3088,vehicle
fe4b-b3a4-69b7-3088,walker
fe5a-764e-37ed-7cef,battleline
fe5a-764e-37ed-7cef,catachan-jungle-fighters
fe5a-764e-37ed-7cef,faction:-astra-militarum
fe5a-764e-37ed-7cef,grenades
fe5a-764e-37ed-7cef,imperium
fe5a-764e-37ed-7cef,infantry
fe5a-764e-37ed-7cef,platoon
fe5a-764e-37ed-7cef,regiment
