keyword_id,keyword,description
ac-walker,AC Walker,
ax-1-0-tiger-shark,AX-1-0 Tiger Shark,
abaddon-the-despoiler,Abaddon the Despoiler,
aberrants,Aberrants,
abhorrent,Abhorrent,
abominant,Abominant,
acanthrites,Acanthrites,
acastus,Acastus,
accursed-cultists,Accursed Cultists,
acolyte-iconward,Acolyte Iconward,
adeptus-arbites,Adeptus Arbites,
adrax-agatone,Adrax Agatone,
aegis-defence-line,Aegis Defence Line,
aegis-defence-line-with-weapon-emplacement,Aegis Defence Line with Weapon Emplacement,
aeldari,Aeldari,
aestred-thurga-and-agathae-dolan,Aestred Thurga and Agathae Dolan,
aetaos'rau'keres,Aetaos'rau'keres,
aethon-shaan,Aethon Shaan,
agamatus-custodians,Agamatus Custodians,
aggressor-squad,Aggressor Squad,
ahriman,Ahriman,
aircraft,Aircraft,
aleya,Aleya,
allarus-custodians,Allarus Custodians,
allied-units,Allied Units,
amallyn-shadowguide,Amallyn Shadowguide,
ambull,Ambull,
an'ggrath-the-unbound,An'ggrath the Unbound,
anathema-psykana,Anathema Psykana,
ancient,Ancient,
angron,Angron,
anhrathe,Anhrathe,
annihilation-barge,Annihilation Barge,
anrakyr-the-traveller,Anrakyr the Traveller,
apothecary,Apothecary,
aquila-lander,Aquila Lander,
aquilon-custodians,Aquilon Custodians,
archaeopter-fusilave,Archaeopter Fusilave,
archaeopter-stratoraptor,Archaeopter Stratoraptor,
archaeopter-transvector,Archaeopter Transvector,
archon,Archon,
archtormentor,Archtormentor,
ares-gunship,Ares Gunship,
arjac-rockfist,Arjac Rockfist,
arkanyst-evaluator,Arkanyst Evaluator,
arkurian-stormhammer,Arkurian Stormhammer,
armageddon-pattern-medusa,Armageddon-pattern Medusa,
armiger,Armiger,
armoured-sentinels,Armoured Sentinels,
artillery,Artillery,
artillery-team,Artillery Team,
arvus-lighter,Arvus Lighter,
asmodai,Asmodai,
aspect-warrior,Aspect Warrior,
assault-intercessor-squad,Assault Intercessor Squad,
assault-intercessors-with-jump-packs,Assault Intercessors with Jump Packs,
assault-squad,Assault Squad,
assault-squad-with-jump-packs,Assault Squad with Jump Packs,
astartes-servitors,Astartes Servitors,
astorath,Astorath,
astraeus,Astraeus,
asurmen,Asurmen,
atalan-jackals,Atalan Jackals,
atlas-recovery-vehicle,Atlas Recovery Vehicle,
attack-bike-squad,Attack Bike Squad,
attack-fighta,Attack Fighta,
augmented-bone-'ead,Augmented Bone 'Ead,
aun'shi,Aun'shi,
aun'va,Aun'va,
autarch,Autarch,
autarch-skyrunner,Autarch Skyrunner,
autarch-wayleaper,Autarch Wayleaper,
avatar-of-khaine,Avatar of Khaine,
avenger-strike-fighter,Avenger Strike Fighter,
azrael,Azrael,
baal-predator,Baal Predator,
baharroth,Baharroth,
ballistus-dreadnought,Ballistus Dreadnought,
baneblade,Baneblade,
banehammer,Banehammer,
banesword,Banesword,
barbed-hierodule,Barbed Hierodule,
barbgaunts,Barbgaunts,
barracuda,Barracuda,
basilisk,Basilisk,
bastion,Bastion,
battle-leader,Battle Leader,
battle-sanctum,Battle Sanctum,
battleline,Battleline,
battlesuit,Battlesuit,
battlesuit-veteran,Battlesuit Veteran,
battlewagon,Battlewagon,
be'lakor,Be'lakor,
beast,Beast,
beast-snagga,Beast Snagga,
beast-snagga-boyz,Beast Snagga Boyz,
beastboss,Beastboss,
beastboss-on-squigosaur,Beastboss on Squigosaur,
beastmaster,Beastmaster,
beasts-of-nurgle,Beasts of Nurgle,
belial,Belial,
belisarius-cawl,Belisarius Cawl,
bellatus,Bellatus,
benefictus,Benefictus,
berehk-stornbröw,Berehk Stornbröw,
berzerkers,Berzerkers,
beserks,Beserks,
big-gunz,Big Gunz,
big-mek,Big Mek,
big-mek-in-mega-armour,Big Mek in Mega Armour,
big-mek-on-warbike,Big Mek on Warbike,
big-mek-with-kustom-force-field,Big Mek with Kustom Force Field,
big-mek-with-shokk-attack-gun,Big Mek with Shokk Attack Gun,
big-trakk,Big Trakk,
big'ed-bossbunka,Big'ed Bossbunka,
bike-squad,Bike Squad,
biologis,Biologis,
biologus-putrifier,Biologus Putrifier,
biophagus,Biophagus,
biovore,Biovore,
bjorn-the-fell-handed,Bjorn the Fell-Handed,
blade-champion,Blade Champion,
bladeguard-ancient,Bladeguard Ancient,
bladeguard-veteran-squad,Bladeguard Veteran Squad,
blades-for-hire,Blades for Hire,
blightlord-terminators,Blightlord Terminators,
blitza-bommer,Blitza-bommer,
blood-claws,Blood Claws,
blood-slaughterer,Blood Slaughterer,
bloodcrushers,Bloodcrushers,
bloodcult-champion,Bloodcult Champion,
bloodletters,Bloodletters,
bloodmaster,Bloodmaster,
bloodthirster,Bloodthirster,
blue,Blue,
bodyguard,Bodyguard,
bonesinger,Bonesinger,
boomdakka-snazzwagon,Boomdakka Snazzwagon,
boss-snikrot,Boss Snikrot,
boss-zagstruk,Boss Zagstruk,
boyz,Boyz,
brayherd-chieftain,Brayherd Chieftain,
brayherd-shaman,Brayherd Shaman,
breacher-team,Breacher Team,
breachers,Breachers,
breaching-robot,Breaching Robot,
breaka-boyz,Breaka Boyz,
brigand,Brigand,
broadside,Broadside,
broodlord,Broodlord,
brother-corbulo,Brother Corbulo,
brother-captain,Brother-Captain,
brother-captain-stern,Brother-Captain Stern,
brotherhood-champion,Brotherhood Champion,
brotherhood-chaplain,Brotherhood Chaplain,
brotherhood-librarian,Brotherhood Librarian,
brotherhood-techmarine,Brotherhood Techmarine,
brotherhood-terminator-squad,Brotherhood Terminator Squad,
brutalis-dreadnought,Brutalis Dreadnought,
brôkhyr,Brôkhyr,
bunker,Bunker,
buri-aegnirssen,Buri Aegnirssen,
burna-boyz,Burna Boyz,
burna-bommer,Burna-bommer,
burning-chariot,Burning Chariot,
burrowers,Burrowers,
butcherlord,Butcherlord,
c'tan-shard-of-the-deceiver,C'tan Shard of the Deceiver,
c'tan-shard-of-the-nightbringer,C'tan Shard of the Nightbringer,
c'tan-shard-of-the-void-dragon,C'tan Shard of the Void Dragon,
caanok-var,Caanok Var,
cadian,Cadian,
cadian-castellan,Cadian Castellan,
cadre-fireblade,Cadre Fireblade,
caestus-assault-ram,Caestus Assault Ram,
caladius-grav-tank,Caladius Grav-tank,
callidus-assassin,Callidus Assassin,
canis-rex,Canis Rex,
canis-wolfborn,Canis Wolfborn,
canoness,Canoness,
canoptek,Canoptek,
captain,Captain,
carab-culln-the-risen,Carab Culln the Risen,
carnivores,Carnivores,
carnodon,Carnodon,
carrier,Carrier,
castellan,Castellan,
castellan-crowe,Castellan Crowe,
castellum-stronghold,Castellum Stronghold,
castigator,Castigator,
catachan,Catachan,
catacomb-command-barge,Catacomb Command Barge,
cato,Cato,
celestian-insidiants,Celestian Insidiants,
celestian-sacresant-aveline,Celestian Sacresant Aveline,
centaur-light-carrier,Centaur Light Carrier,
centurion,Centurion,
centurion-assault-squad,Centurion Assault Squad,
centurion-devastator-squad,Centurion Devastator Squad,
cerastus,Cerastus,
cerberus,Cerberus,
champion-of-excess,Champion of Excess,
champion-of-titan,Champion of Titan,
champion-of-the-chapter,Champion of the Chapter,
changecaster,Changecaster,
chaos,Chaos,
chaos-bikers,Chaos Bikers,
chaos-lord,Chaos Lord,
chaos-lord-in-terminator-armour,Chaos Lord in Terminator Armour,
chaos-lord-on-bike,Chaos Lord on Bike,
chaos-spawn,Chaos Spawn,
chaos-terminator-squad,Chaos Terminator Squad,
chaos-undivided,Chaos Undivided,
chaplain,Chaplain,
chaplain-cassius,Chaplain Cassius,
chaplain-venerable-dreadnought,Chaplain Venerable Dreadnought,
chapter-master,Chapter Master,
character,Character,
chief-librarian-mephiston,Chief Librarian Mephiston,
chief-librarian-tigurius,Chief Librarian Tigurius,
chimera,Chimera,
chinork-warkopta,Chinork Warkopta,
chosen,Chosen,
chronomancer,Chronomancer,
clamavus,Clamavus,
cobra,Cobra,
cohort-commander,Cohort Commander,
colossus,Colossus,
command-squad,Command Squad,
commander-dante,Commander Dante,
commander-farsight,Commander Farsight,
commander-shadowsun,Commander Shadowsun,
commander-in-coldstar-battlesuit,Commander in Coldstar Battlesuit,
commander-in-crisis-battlesuit,Commander in Crisis Battlesuit,
commander-in-enforcer-battlesuit,Commander in Enforcer Battlesuit,
commissar,Commissar,
company-champion,Company Champion,
company-heroes,Company Heroes,
company-veterans,Company Veterans,
contemptor-achillus-dreadnought,Contemptor-Achillus Dreadnought,
contemptor-galatus-dreadnought,Contemptor-Galatus Dreadnought,
contorted-epitome,Contorted Epitome,
convergence-of-dominion,Convergence of Dominion,
coronus-grav-carrier,Coronus Grav-carrier,
corpuscarii,Corpuscarii,
corsair-cloud-dancer-band,Corsair Cloud Dancer Band,
corsairs-and-travelling-players,Corsairs and Travelling Players,
corvus-blackstar,Corvus Blackstar,
coteaz,Coteaz,
court-of-the-archon,Court of the Archon,
craftworld-warleader,Craftworld Warleader,
crassus,Crassus,
crimson-hunter,Crimson Hunter,
crisis,Crisis,
cronos,Cronos,
crucible,Crucible,
crusade-ancient,Crusade Ancient,
crusader-squad,Crusader Squad,
crusaders,Crusaders,
cryptek,Cryptek,
cryptothralls,Cryptothralls,
cthonian,Cthonian,
culexus-assassin,Culexus Assassin,
cult-demagogue,Cult Demagogue,
cult-guerrilla,Cult Guerrilla,
cult-insurrectionist,Cult Insurrectionist,
cult-mechanicus,Cult Mechanicus,
cultist-firebrand,Cultist Firebrand,
cultist-mob,Cultist Mob,
cultist-mob-with-firearms,Cultist Mob with Firearms,
cultists,Cultists,
cults-of-the-dark-gods,Cults of the Dark Gods,
custodian-guard,Custodian Guard,
custodian-wardens,Custodian Wardens,
cybernetica-datasmith,Cybernetica Datasmith,
cyberwolf,Cyberwolf,
cyclops-demolition-vehicle,Cyclops Demolition Vehicle,
cypher,Cypher,
d-cannon-platform,D-Cannon Platform,
da-red-gobbo,Da Red Gobbo,
da-red-gobbo-a-bomb-inable-snowman,Da Red Gobbo A-bomb-inable Snowman,
daemon,Daemon,
daemon-prince,Daemon Prince,
daemon-prince-of-chaos,Daemon Prince of Chaos,
daemon-prince-of-chaos-with-wings,Daemon Prince of Chaos with wings,
daemon-prince-with-wings,Daemon Prince with Wings,
daemonettes,Daemonettes,
daemonhost,Daemonhost,
daemonic-charioteer,Daemonic Charioteer,
daemonic-herald,Daemonic Herald,
daemonifuge,Daemonifuge,
dakkajet,Dakkajet,
damned,Damned,
damned-legionaires,Damned Legionaires,
dark-apostle,Dark Apostle,
dark-commune,Dark Commune,
dark-reapers,Dark Reapers,
dark-talon,Dark Talon,
darkshroud,Darkshroud,
darkstrider,Darkstrider,
darnath-lysander,Darnath Lysander,
dawneagle-jetbike,Dawneagle Jetbike,
death-company,Death Company,
death-company-dreadnought,Death Company Dreadnought,
death-company-intercessors,Death Company Intercessors,
death-company-marines,Death Company Marines,
death-company-marines-with-bolt-rifles,Death Company Marines with Bolt Rifles,
death-company-marines-with-boltguns,Death Company Marines with Boltguns,
death-company-marines-with-boltguns-and-jump-packs,Death Company Marines with Boltguns and Jump Packs,
death-company-marines-with-jump-packs,Death Company Marines with Jump Packs,
death-guard-icon-bearer,Death Guard Icon Bearer,
death-jester,Death Jester,
death-korps-grenadier-squad,Death Korps Grenadier Squad,
death-rider-commissar,Death Rider Commissar,
death-riders,Death Riders,
deathleaper,Deathleaper,
deathmarks,Deathmarks,
deathshroud-terminators,Deathshroud Terminators,
deathstorm-drop-pod,Deathstorm Drop Pod,
deathstrike,Deathstrike,
deathwatch,Deathwatch,
deathwatch-agent,Deathwatch Agent,
deathwatch-terminator-squad,Deathwatch Terminator Squad,
deathwing,Deathwing,
deathwing-command-squad,Deathwing Command Squad,
deathwing-knights,Deathwing Knights,
deathwing-strikemaster,Deathwing Strikemaster,
deathwing-terminator-squad,Deathwing Terminator Squad,
decimator,Decimator,
dedicated-transport,Dedicated Transport,
defence-emplacement,Defence Emplacement,
defence-line,Defence Line,
deff-dread,Deff Dread,
deff-rolla-battle-fortress,Deff Rolla Battle Fortress,
deffkilla-wartrike,Deffkilla Wartrike,
deffkoptas,Deffkoptas,
deffkoptas-with-big-shootas,Deffkoptas with Big Shootas,
defiler,Defiler,
deimos-predator,Deimos Predator,
deredeo-dreadnought,Deredeo Dreadnought,
desolation-squad,Desolation Squad,
destroyer-cult,Destroyer Cult,
destroyers,Destroyers,
devastator-squad,Devastator Squad,
devilfish,Devilfish,
dialogus,Dialogus,
dimachaeron,Dimachaeron,
dire-avengers,Dire Avengers,
disc-of-tzeentch,Disc of Tzeentch,
dogmata,Dogmata,
dominus,Dominus,
dominus-armoured-siege-bombard,Dominus Armoured Siege Bombard,
doom-scythe,Doom Scythe,
doomhammer,Doomhammer,
doomsday-ark,Doomsday Ark,
doomstalker,Doomstalker,
draxus,Draxus,
drazhar,Drazhar,
dreadclaw-drop-pod,Dreadclaw Drop Pod,
dreadknight-champion,Dreadknight Champion,
dreadnought,Dreadnought,
dreadnought-drop-pod,Dreadnought Drop Pod,
drone,Drone,
drone-sentry-turret,Drone Sentry Turret,
drop-pod,Drop Pod,
dynastic-conqueror,Dynastic Conqueror,
earthshaker-carriage-battery,Earthshaker Carriage Battery,
earthshaker-platform,Earthshaker Platform,
earthshakers,Earthshakers,
eight-blessed-lord,Eight-blessed Lord,
eightbound,Eightbound,
einhyr-champion,Einhyr Champion,
einhyr-hearthguard,Einhyr Hearthguard,
eisenhorn,Eisenhorn,
eldrad-ultran,Eldrad Ultran,
electro-priests,Electro-Priests,
eliminator-squad,Eliminator Squad,
elysian-drop-sentinel,Elysian Drop Sentinel,
elysian-sniper-squad,Elysian Sniper Squad,
emperor's-champion,Emperor's Champion,
endless-multitude,Endless Multitude,
enginseer,Enginseer,
enthroned-agent,Enthroned Agent,
epic-hero,Epic Hero,
epidemius,Epidemius,
eradicator-squad,Eradicator Squad,
ethereal,Ethereal,
eversor-assassin,Eversor Assassin,
exaction-squad,Exaction Squad,
exalted-champion,Exalted Champion,
exalted-eightbound,Exalted Eightbound,
exalted-flamer,Exalted Flamer,
exalted-seeker-chariot,Exalted Seeker Chariot,
exalted-sorcerer,Exalted Sorcerer,
excruciator,Excruciator,
execrator,Execrator,
executioner,Executioner,
exoarmour,Exoarmour,
exocrine,Exocrine,
exoframe,Exoframe,
exorcist,Exorcist,
exterminators,Exterminators,
ezekiel,Ezekiel,
fabius-bile,Fabius Bile,
faction:-adepta-sororitas,Faction: Adepta Sororitas,
faction:-adeptus-astartes,Faction: Adeptus Astartes,
faction:-adeptus-custodes,Faction: Adeptus Custodes,
faction:-adeptus-mechanicus,Faction: Adeptus Mechanicus,
faction:-agents-of-the-imperium,Faction: Agents of the Imperium,
faction:-astra-militarum,Faction: Astra Militarum,
faction:-asuryani,Faction: Asuryani,
faction:-black-templars,Faction: Black Templars,
faction:-blood-angels,Faction: Blood Angels,
faction:-blood-legions,Faction: Blood Legions,
faction:-chaos-knights,Faction: Chaos Knights,
faction:-dark-angels,Faction: Dark Angels,
faction:-death-guard,Faction: Death Guard,
faction:-deathwatch,Faction: Deathwatch,
faction:-drukhari,Faction: Drukhari,
faction:-emperor's-children,Faction: Emperor's Children,
faction:-genestealer-cults,Faction: Genestealer Cults,
faction:-grey-knights,Faction: Grey Knights,
faction:-harlequins,Faction: Harlequins,
faction:-heretic-astartes,Faction: Heretic Astartes,
faction:-imperial-fists,Faction: Imperial Fists,
faction:-imperial-knights,Faction: Imperial Knights,
faction:-iron-hands,Faction: Iron Hands,
faction:-leagues-of-votann,Faction: Leagues of Votann,
faction:-legiones-daemonica,Faction: Legiones Daemonica,
faction:-legions-of-excess,Faction: Legions of Excess,
faction:-necrons,Faction: Necrons,
faction:-orks,Faction: Orks,
faction:-plague-legions,Faction: Plague Legions,
faction:-raven-guard,Faction: Raven Guard,
faction:-salamanders,Faction: Salamanders,
faction:-scintillating-legions,Faction: Scintillating Legions,
faction:-space-wolves,Faction: Space Wolves,
faction:-t'au-empire,Faction: T'au Empire,
faction:-thousand-sons,Faction: Thousand Sons,
faction:-tyranids,Faction: Tyranids,
faction:-ultramarines,Faction: Ultramarines,
faction:-unaligned-forces,Faction: Unaligned Forces,
faction:-white-scars,Faction: White Scars,
faction:-world-eaters,Faction: World Eaters,
faction:-ynnari,Faction: Ynnari,
falchion,Falchion,
falcon,Falcon,
fallen,Fallen,
farseer,Farseer,
farseer-skyrunner,Farseer Skyrunner,
farstalkers,Farstalkers,
fateskimmer,Fateskimmer,
feculent-gnarlmaw,Feculent Gnarlmaw,
fellblade,Fellblade,
fellgor-beastmen,Fellgor Beastmen,
fenrisian-wolves,Fenrisian Wolves,
ferren-areios,Ferren Areios,
fiends,Fiends,
fighta-bommer,Fighta-Bommer,
fire-dragons,Fire Dragons,
fire-prism,Fire Prism,
fire-raptor-gunship,Fire Raptor Gunship,
fire-warrior,Fire Warrior,
fireknife,Fireknife,
firesight-team,Firesight Team,
firestorm,Firestorm,
firestorm-redoubt,Firestorm Redoubt,
firestrike-servo-turrets,Firestrike Servo-turrets,
flamers,Flamers,
flash-gitz,Flash Gitz,
flawless-blades,Flawless Blades,
flawless-champion,Flawless Champion,
flayed-ones,Flayed Ones,
flesh-crafter,Flesh Crafter,
flesh-hounds,Flesh Hounds,
flesh-shaper,Flesh Shaper,
fluxmaster,Fluxmaster,
fly,Fly,
foetid-bloat-drone,Foetid Bloat-drone,
forgefiend,Forgefiend,
fortification,Fortification,
fortis-kill-team,Fortis Kill Team,
fortress-of-redemption,Fortress of Redemption,
foul-blightspawn,Foul Blightspawn,
front-line-commander,Front-line Commander,
fuegan,Fuegan,
fulgrim,Fulgrim,
fulgurite,Fulgurite,
furies,Furies,
furioso-dreadnought,Furioso Dreadnought,
fusiliers,Fusiliers,
gabriel-seth,Gabriel Seth,
gargantuan-squiggoth,Gargantuan Squiggoth,
gargoyles,Gargoyles,
gaunt’s-ghosts,Gaunt’s Ghosts,
gauss-pylon,Gauss Pylon,
gellerpox-infected,Gellerpox Infected,
genestealers,Genestealers,
geomancer,Geomancer,
ghazghkull-thraka,Ghazghkull Thraka,
ghost-ark,Ghost Ark,
ghost-warrior,Ghost Warrior,
ghostkeel,Ghostkeel,
giant-chaos-spawn,Giant Chaos Spawn,
gladiator-lancer,Gladiator Lancer,
gladiator-reaper,Gladiator Reaper,
gladiator-valiant,Gladiator Valiant,
goliath-rockgrinder,Goliath Rockgrinder,
goliath-truck,Goliath Truck,
goremongers,Goremongers,
gorgon-heavy-transport,Gorgon Heavy Transport,
gorkanaut,Gorkanaut,
grand-master,Grand Master,
grand-master-voldus,Grand Master Voldus,
grand-master-in-nemesis-dreadknight,Grand Master in Nemesis Dreadknight,
gravis,Gravis,
great-devourer,Great Devourer,
great-knarloc,Great Knarloc,
great-unclean-one,Great Unclean One,
greater-blight-drone,Greater Blight Drone,
greater-brass-scorpion,Greater Brass Scorpion,
grenades,Grenades,
gretchin,Gretchin,
grey-hunters,Grey Hunters,
grey-knights-terminator-squad,Grey Knights Terminator Squad,
greyfax,Greyfax,
griffon-mortar-carrier,Griffon Mortar Carrier,
grimnyr,Grimnyr,
grot-bomm-launcha,Grot Bomm Launcha,
grot-mega-tank,Grot Mega-Tank,
grotesques,Grotesques,
grotmas-gitz,Grotmas Gitz,
grots,Grots,
guardian-defenders,Guardian Defenders,
guardian-drone,Guardian Drone,
guardian-of-the-throne,Guardian of the Throne,
guardians,Guardians,
haarken-worldclaimer,Haarken Worldclaimer,
hades-breaching-drill,Hades Breaching Drill,
haemonculus,Haemonculus,
haemonculus-covens,Haemonculus Covens,
hammerfall-bunker,Hammerfall Bunker,
hammerhead-gunship,Hammerhead Gunship,
harald-deathwolf,Harald Deathwolf,
harlequin-allies,Harlequin Allies,
harpy,Harpy,
harridan,Harridan,
haruspex,Haruspex,
harvester,Harvester,
hastarii,Hastarii,
havocs,Havocs,
hearthkyn-warriors,Hearthkyn Warriors,
heavy-gun-drones,Heavy Gun Drones,
heavy-intercessor-squad,Heavy Intercessor Squad,
heavy-mortar-team,Heavy Mortar Team,
heavy-quad-launcher-team,Heavy Quad Launcher Team,
hekaton-land-fortress,Hekaton Land Fortress,
helbrute,Helbrute,
heldrake,Heldrake,
hell-talon,Hell Talon,
hell's-last,Hell's Last,
hellblade,Hellblade,
hellblaster-squad,Hellblaster Squad,
hellflayer,Hellflayer,
hellhammer,Hellhammer,
hellhound,Hellhound,
hellions,Hellions,
helstalker,Helstalker,
helverin,Helverin,
hemlock-wraithfighter,Hemlock Wraithfighter,
herald-of-slaanesh,Herald of Slaanesh,
hernkyn,Hernkyn,
hernkyn-pioneers,Hernkyn Pioneers,
hernkyn-yaegirs,Hernkyn Yaegirs,
hexmark-destroyer,Hexmark Destroyer,
hierophant,Hierophant,
high-marshal-helbrecht,High Marshal Helbrecht,
hive-crone,Hive Crone,
hive-guard,Hive Guard,
hive-tyrant,Hive Tyrant,
honor-guard,Honor Guard,
hordeboss,Hordeboss,
hormagaunts,Hormagaunts,
hornet,Hornet,
horrors,Horrors,
horticulous-slimux,Horticulous Slimux,
hospitaller,Hospitaller,
hounds,Hounds,
hounds-of-morkai,Hounds of Morkai,
howling-banshees,Howling Banshees,
hunta-rig,Hunta Rig,
hunter,Hunter,
huntsman,Huntsman,
huron-blackheart,Huron Blackheart,
hybrid-metamorphs,Hybrid Metamorphs,
hydra,Hydra,
hydra-platform,Hydra Platform,
hyperadapted-raveners,Hyperadapted Raveners,
hyperscientist,Hyperscientist,
illic-nightspear,Illic Nightspear,
illuminor-szeras,Illuminor Szeras,
imagifier,Imagifier,
immolator,Immolator,
immortal-champion,Immortal Champion,
immortals,Immortals,
imotekh-the-stormlord,Imotekh the Stormlord,
imperial-fortress-walls,Imperial Fortress Walls,
imperial-navy-breachers,Imperial Navy Breachers,
imperial-rhino,Imperial Rhino,
imperial-space-marine,Imperial Space Marine,
imperium,Imperium,
impulsor,Impulsor,
inceptor-squad,Inceptor Squad,
incubi,Incubi,
incursor-squad,Incursor Squad,
indom-jp-int,Indom JP Int,
indom-pf-int,Indom PF int,
indomitor-kill-team,Indomitor Kill Team,
infantry,Infantry,
infernal-enrapturess,Infernal Enrapturess,
infernal-master,Infernal Master,
infernus-squad,Infernus Squad,
infiltrator-squad,Infiltrator Squad,
infiltrators,Infiltrators,
infractors,Infractors,
inner-circle-companions,Inner Circle Companions,
inquisitor,Inquisitor,
inquisitorial-agents,Inquisitorial Agents,
inquisitorial-chimera,Inquisitorial Chimera,
inspiring-devotee,Inspiring Devotee,
interceptor-squad,Interceptor Squad,
intercessor-squad,Intercessor Squad,
invader-atv,Invader ATV,
invictor-tactical-warsuit,Invictor Tactical Warsuit,
irillyth,Irillyth,
iron-father-ferrios,Iron Father Ferrios,
iron-priest,Iron Priest,
iron-master,Iron-master,
ironclad-dreadnought,Ironclad Dreadnought,
ironkin-steeljacks,Ironkin Steeljacks,
ironkin-steeljacks-with-heavy-volkanite-disintegrators,Ironkin Steeljacks with Heavy Volkanite Disintegrators,
ironkin-steeljacks-with-melee-weapons,Ironkin Steeljacks with Melee Weapons,
ironstrider-alpha,Ironstrider Alpha,
jackal-alphus,Jackal Alphus,
jain-zar,Jain Zar,
jakhals,Jakhals,
janus-draik,Janus Draik,
javelin-attack-speeder,Javelin Attack Speeder,
jokaero-weaponsmith,Jokaero Weaponsmith,
judiciar,Judiciar,
juggernaut,Juggernaut,
jump-pack,Jump Pack,
junith-eruita,Junith Eruita,
kabal,Kabal,
kabalite-warriors,Kabalite Warriors,
kairos-fateweaver,Kairos Fateweaver,
kaldor-draigo,Kaldor Draigo,
kannonwagon,Kannonwagon,
kapricus,Kapricus,
kaptin-badrukk,Kaptin Badrukk,
karamazov,Karamazov,
karanak,Karanak,
karandras,Karandras,
karnivore,Karnivore,
kastelan-robots,Kastelan Robots,
kataphraktoi-exemplar,Kataphraktoi Exemplar,
kataphron,Kataphron,
kayvaan-shrike,Kayvaan Shrike,
keeper-of-secrets,Keeper of Secrets,
kelermorph,Kelermorph,
kharseth,Kharseth,
kharybdis-assault-claw,Kharybdis Assault Claw,
khorne,Khorne,
khorne-battleline,Khorne Battleline,
khorne-non-battleline,Khorne non-Battleline,
khârn-the-betrayer,Khârn the Betrayer,
kill-krusha,Kill Krusha,
kill-rig,Kill Rig,
kill-tank,Kill Tank,
kill-team,Kill Team,
kill-team-cassius,Kill Team Cassius,
killa-kans,Killa Kans,
kinband-champion,Kinband Champion,
kinhost-commander,Kinhost Commander,
knarloc-riders,Knarloc Riders,
knight-abominant,Knight Abominant,
knight-acheron,Knight Acheron,
knight-asterius,Knight Asterius,
knight-atrapos,Knight Atrapos,
knight-castellan,Knight Castellan,
knight-castigator,Knight Castigator,
knight-character,Knight Character,
knight-crusader,Knight Crusader,
knight-defender,Knight Defender,
knight-desecrator,Knight Desecrator,
knight-despoiler,Knight Despoiler,
knight-destrier,Knight Destrier,
knight-errant,Knight Errant,
knight-gallant,Knight Gallant,
knight-lancer,Knight Lancer,
knight-magaera,Knight Magaera,
knight-paladin,Knight Paladin,
knight-porphyrion,Knight Porphyrion,
knight-preceptor,Knight Preceptor,
knight-rampager,Knight Rampager,
knight-ruinator,Knight Ruinator,
knight-styrix,Knight Styrix,
knight-tyrant,Knight Tyrant,
knight-valiant,Knight Valiant,
knight-warden,Knight Warden,
knight-centura,Knight-Centura,
kommandos,Kommandos,
kor'sarro-khan,Kor'sarro Khan,
kratos,Kratos,
kravek-morne,Kravek Morne,
krieg,Krieg,
krieg-heavy-weapons-squad,Krieg Heavy Weapons Squad,
krom-dragongaze,Krom Dragongaze,
kroot,Kroot,
krootox-rampagers,Krootox Rampagers,
krootox-riders,Krootox Riders,
kustom-boosta-blasta,Kustom Boosta-blasta,
kytan-ravager,Kytan Ravager,
kâhl,Kâhl,
lady-malys,Lady Malys,
land-raider,Land Raider,
land-raider-achilles,Land Raider Achilles,
land-raider-banisher,Land Raider Banisher,
land-raider-crusader,Land Raider Crusader,
land-raider-excelsior,Land Raider Excelsior,
land-raider-helios,Land Raider Helios,
land-raider-prometheus,Land Raider Prometheus,
land-raider-proteus,Land Raider Proteus,
land-raider-redeemer,Land Raider Redeemer,
land-speeder,Land Speeder,
land-speeder-storm,Land Speeder Storm,
land-speeder-tempest,Land Speeder Tempest,
land-speeder-tornado,Land Speeder Tornado,
land-speeder-typhoon,Land Speeder Typhoon,
land-speeder-vengeance,Land Speeder Vengeance,
lazarus,Lazarus,
legio-cybernetica,Legio Cybernetica,
legionaries,Legionaries,
lelith-hesperax,Lelith Hesperax,
leman-russ-commander,Leman Russ Commander,
lemartes,Lemartes,
leviathan-dreadnought,Leviathan Dreadnought,
lhykhis,Lhykhis,
librarian,Librarian,
librarian-dreadnought,Librarian Dreadnought,
librarius-adept,Librarius Adept,
lictor,Lictor,
lieutenant,Lieutenant,
lieutenant-in-reiver-armour,Lieutenant in Reiver Armour,
lieutenant-with-combi-weapon,Lieutenant with Combi-weapon,
lifta-wagon,Lifta Wagon,
lion-el'jonson,Lion El'Jonson,
living-ancestor,Living Ancestor,
locus,Locus,
logan-grimnar,Logan Grimnar,
logan-grimnar-on-stormrider,Logan Grimnar on Stormrider,
lokhust-destroyers,Lokhust Destroyers,
lokhust-heavy-destroyers,Lokhust Heavy Destroyers,
lokhust-lord,Lokhust Lord,
lone-spear,Lone-spear,
long-fangs,Long Fangs,
longstrike,Longstrike,
lootas,Lootas,
lord,Lord,
lord-discordant,Lord Discordant,
lord-exultant,Lord Exultant,
lord-invocatus,Lord Invocatus,
lord-kakophonist,Lord Kakophonist,
lord-marshal-dreir,Lord Marshal Dreir,
lord-solar-leontus,Lord Solar Leontus,
lord-of-change,Lord of Change,
lord-of-contagion,Lord of Contagion,
lord-of-poxes,Lord of Poxes,
lord-of-skulls,Lord of Skulls,
lord-of-virulence,Lord of Virulence,
lord-on-juggernaut,Lord on Juggernaut,
loyal-protector,Loyal Protector,
lucius-the-eternal,Lucius the Eternal,
lukas-the-trickster,Lukas the Trickster,
lychguard,Lychguard,
lynx,Lynx,
macharius,Macharius,
macharius-omega,Macharius Omega,
macharius-vanquisher,Macharius Vanquisher,
macharius-vulcan,Macharius Vulcan,
macro-organism,Macro Organism,
macro-cannon-aquila-strongpoint,Macro-cannon Aquila Strongpoint,
macrocytes,Macrocytes,
mad-dok-grotsnik,Mad Dok Grotsnik,
magister,Magister,
magnus-the-red,Magnus the Red,
magos,Magos,
magus,Magus,
malcador,Malcador,
malcador-annihilator,Malcador Annihilator,
malcador-defender,Malcador Defender,
malceptor,Malceptor,
malignant-plaguecaster,Malignant Plaguecaster,
mandrakes,Mandrakes,
manipulus,Manipulus,
manta,Manta,
manticore,Manticore,
manticore-platform,Manticore Platform,
marauder-bomber,Marauder Bomber,
marauder-destroyer,Marauder Destroyer,
markerlight,Markerlight,
marneus-calgar,Marneus Calgar,
marshal,Marshal,
martial-agent,Martial Agent,
master-of-executions,Master of Executions,
master-of-possession,Master of Possession,
masters-of-the-maelstrom,Masters of the Maelstrom,
mastodon,Mastodon,
maugan-ra,Maugan Ra,
maulerfiend,Maulerfiend,
mawloc,Mawloc,
medusa-carriage-battery,Medusa Carriage Battery,
mega-armour,Mega Armour,
mega-dread,Mega Dread,
meganobz,Meganobz,
megatrakk-scrapjet,Megatrakk Scrapjet,
mek,Mek,
mek-gunz,Mek Gunz,
meka-dread,Meka-Dread,
mekboy-workshop,Mekboy Workshop,
memnyr-strategist,Memnyr Strategist,
miasmic-malignifier,Miasmic Malignifier,
militant-commander,Militant Commander,
militarum-tempestus,Militarum Tempestus,
ministorum-priest,Ministorum Priest,
minotaur,Minotaur,
mob,Mob,
moirax,Moirax,
monolith,Monolith,
monster,Monster,
morkanaut,Morkanaut,
mortarion,Mortarion,
mortifiers,Mortifiers,
mortis-dreadnought,Mortis Dreadnought,
morvenn-vahl,Morvenn Vahl,
mounted,Mounted,
mozrog-skragbad,Mozrog Skragbad,
murderfang,Murderfang,
mutalith-vortex-beast,Mutalith Vortex Beast,
mutant,Mutant,
mutilators,Mutilators,
mutoid-vermin,Mutoid Vermin,
navigator,Navigator,
necron-warriors,Necron Warriors,
negavolt-cultists,Negavolt Cultists,
nekrosor-ammentar,Nekrosor Ammentar,
nemesis-claw,Nemesis Claw,
nemesis-dreadknight,Nemesis Dreadknight,
nemesor-zahndrekh,Nemesor Zahndrekh,
neophyte-hybrids,Neophyte Hybrids,
nephilim-jetfighter,Nephilim Jetfighter,
neurogaunts,Neurogaunts,
neurolictor,Neurolictor,
neurotyrant,Neurotyrant,
nexos,Nexos,
neyam-shai-murad,Neyam Shai Murad,
night-scythe,Night Scythe,
night-shroud,Night Shroud,
night-spinner,Night Spinner,
nightwing,Nightwing,
njal-stormcaller,Njal Stormcaller,
nob-with-waaagh!-banner,Nob with Waaagh! Banner,
noble,Noble,
nobz,Nobz,
nobz-on-warbikes,Nobz on Warbikes,
noctilith-crown,Noctilith Crown,
node-organism,Node Organism,
noise-marines,Noise Marines,
non-kroot,Non-Kroot,
nork-deddog,Nork Deddog,
norn-assimilator,Norn Assimilator,
norn-emissary,Norn Emissary,
noxious-blightbringer,Noxious Blightbringer,
null-maiden,Null Maiden,
nurgle,Nurgle,
nurgle-battleline,Nurgle Battleline,
nurgle-non-battleline,Nurgle non-Battleline,
nurglings,Nurglings,
obelisk,Obelisk,
obliterators,Obliterators,
officer,Officer,
officio-assassinorum,Officio Assassinorum,
ogryn,Ogryn,
old-one-eye,Old One Eye,
onager-dunecrawler,Onager Dunecrawler,
ophydian-destroyers,Ophydian Destroyers,
orca-dropship,Orca Dropship,
ordo-hereticus,Ordo Hereticus,
ordo-malleus,Ordo Malleus,
ordo-xenos,Ordo Xenos,
orikan-the-diviner,Orikan the Diviner,
orion-assault-dropship,Orion Assault Dropship,
ostromandeus,Ostromandeus,
outrider-squad,Outrider Squad,
overlord,Overlord,
overlord-with-translocation-shroud,Overlord with Translocation Shroud,
pack-leader,Pack Leader,
painboss,Painboss,
painboy,Painboy,
painboy-on-warbike,Painboy on Warbike,
paladin-squad,Paladin Squad,
palanquin-of-nurgle,Palanquin of Nurgle,
palatine,Palatine,
pallas-grav-attack,Pallas Grav-attack,
paragon-warsuits,Paragon Warsuits,
parasite-of-mortrex,Parasite of Mortrex,
pathfinder-team,Pathfinder Team,
patriarch,Patriarch,
pedro-kantor,Pedro Kantor,
penitent,Penitent,
penitent-engines,Penitent Engines,
phantom-titan,Phantom Titan,
phobos,Phobos,
phoenix,Phoenix,
phoenix-lord,Phoenix Lord,
pink,Pink,
plague-drones,Plague Drones,
plague-lord,Plague Lord,
plague-marines,Plague Marines,
plague-sorcerer,Plague Sorcerer,
plague-surgeon,Plague Surgeon,
plague-toads,Plague Toads,
plaguebearers,Plaguebearers,
plagueburst-crawler,Plagueburst Crawler,
plasma-obliterator,Plasma Obliterator,
plasmancer,Plasmancer,
platoon,Platoon,
possessed,Possessed,
pox-riders,Pox Riders,
poxbringer,Poxbringer,
poxwalkers,Poxwalkers,
praetor,Praetor,
predator-annihilator,Predator Annihilator,
predator-destructor,Predator Destructor,
primarch,Primarch,
primaris-company-champion,Primaris Company Champion,
primaris-psyker,Primaris Psyker,
primaris-redoubt,Primaris Redoubt,
primaris-sword-brethren,Primaris Sword Brethren,
prime-organism,Prime Organism,
primus,Primus,
prince-yriel,Prince Yriel,
prosecutors,Prosecutors,
proteus-kill-team,Proteus Kill Team,
provisionally-prepared,Provisionally Prepared,
psychomancer,Psychomancer,
psychophage,Psychophage,
psyker,Psyker,
pteraxii,Pteraxii,
purestrain-genestealers,Purestrain Genestealers,
purgation-squad,Purgation Squad,
purifier-squad,Purifier Squad,
quartermaster-cadre-squad,Quartermaster Cadre Squad,
questoris,Questoris,
r'varna,R'varna,
ragnar-blackmane,Ragnar Blackmane,
raider,Raider,
rangers,Rangers,
rapier-carrier,Rapier Carrier,
rapier-laser-destroyer-battery,Rapier Laser Destroyer Battery,
raptors,Raptors,
ratlings,Ratlings,
ravager,Ravager,
raven-strike-fighter,Raven Strike Fighter,
raveners,Raveners,
ravenwing,Ravenwing,
ravenwing-black-knights,Ravenwing Black Knights,
ravenwing-command-squad,Ravenwing Command Squad,
ravenwing-talonmaster,Ravenwing Talonmaster,
razorback,Razorback,
razorshark-strike-fighter,Razorshark Strike Fighter,
razorwing-jetfighter,Razorwing Jetfighter,
reanimator,Reanimator,
reaper,Reaper,
reaver-titan,Reaver Titan,
reavers,Reavers,
red-corsairs-raiders,Red Corsairs Raiders,
red-corsairs-reave-captain,Red Corsairs Reave-captain,
redemptor-dreadnought,Redemptor Dreadnought,
reductus-saboteur,Reductus Saboteur,
regiment,Regiment,
regimental-attachés,Regimental Attachés,
rein-and-raus,Rein and Raus,
reiver-squad,Reiver Squad,
relic-contemptor-dreadnought,Relic Contemptor Dreadnought,
relic-razorback,Relic Razorback,
relic-terminator-squad,Relic Terminator Squad,
reliquant-knight,Reliquant Knight,
remora-stealth-drones,Remora Stealth Drones,
remote-sensor-tower,Remote Sensor Tower,
rendmaster-on-blood-throne,Rendmaster on Blood Throne,
renegade-enforcer,Renegade Enforcer,
renegade-heavy-weapons-squad,Renegade Heavy Weapons Squad,
renegade-ogryn-beast-handler,Renegade Ogryn Beast Handler,
renegade-ogryn-brutes,Renegade Ogryn Brutes,
renegade-plague-ogryns,Renegade Plague Ogryns,
repressor,Repressor,
repulsor,Repulsor,
repulsor-executioner,Repulsor Executioner,
requisitioned,Requisitioned,
retinue,Retinue,
retributor-squad,Retributor Squad,
revenant-titan,Revenant Titan,
rhino,Rhino,
rhino-primaris,Rhino Primaris,
riptide,Riptide,
roboute-guilliman,Roboute Guilliman,
rogal-dorn-battle-tank,Rogal Dorn Battle Tank,
rogal-dorn-commander,Rogal Dorn Commander,
rogue-psyker,Rogue Psyker,
rogue-trader-entourage,Rogue Trader Entourage,
rotigus,Rotigus,
royal-warden,Royal Warden,
rubric-marines,Rubric Marines,
rubricae,Rubricae,
rukkatrukk-squigbuggy,Rukkatrukk Squigbuggy,
ruststalkers,Ruststalkers,
sabre-weapons-battery,Sabre Weapons Battery,
sagitaur,Sagitaur,
sagittarum-custodians,Sagittarum Custodians,
saint-celestine,Saint Celestine,
salamander-command-vehicle,Salamander Command Vehicle,
salamander-scout-vehicle,Salamander Scout Vehicle,
sammael,Sammael,
sanctifiers,Sanctifiers,
sanctus,Sanctus,
sanguinary-guard,Sanguinary Guard,
sanguinary-priest,Sanguinary Priest,
scabeiathrax-the-bloated,Scabeiathrax the Bloated,
scarab-occult,Scarab Occult,
scarab-swarms,Scarab Swarms,
scorpion,Scorpion,
scourges,Scourges,
scourges-with-heavy-weapons,Scourges with Heavy Weapons,
scourges-with-shardcarbines,Scourges with Shardcarbines,
scout-bike-squad,Scout Bike Squad,
scout-sniper-squad,Scout Sniper Squad,
scout-squad,Scout Squad,
screamer-killer,Screamer-killer,
screamers,Screamers,
scythed-hierodule,Scythed Hierodule,
secutarii-hoplites,Secutarii Hoplites,
secutarii-peltasts,Secutarii Peltasts,
seeker-chariot,Seeker Chariot,
seekers,Seekers,
sekhetar-robots,Sekhetar Robots,
sentinel-commander,Sentinel Commander,
sentinel-powerlifter,Sentinel Powerlifter,
sentry-gun,Sentry Gun,
sentry-pylon,Sentry Pylon,
seraphim-squad,Seraphim Squad,
seraptek-heavy-construct,Seraptek Heavy Construct,
serberys-raiders,Serberys Raiders,
serberys-sulphurhounds,Serberys Sulphurhounds,
sergeant-chronus,Sergeant Chronus,
sergeant-harker,Sergeant Harker,
sergeant-telion,Sergeant Telion,
servitor-battleclade,Servitor Battleclade,
servitors,Servitors,
shadow-legion,Shadow Legion,
shadow-spectres,Shadow Spectres,
shadow-weaver-platform,Shadow Weaver Platform,
shadowseer,Shadowseer,
shadowsword,Shadowsword,
shalaxi-helbane,Shalaxi Helbane,
shaper,Shaper,
shas'nel,Shas'nel,
shas'o-r'alai,Shas'o R'alai,
shield-captain,Shield-Captain,
shining-spears,Shining Spears,
shokkjump-dragsta,Shokkjump Dragsta,
shroud-runners,Shroud Runners,
sicaran-arcus,Sicaran Arcus,
sicaran-battle-tank,Sicaran Battle Tank,
sicaran-omega,Sicaran Omega,
sicaran-punisher,Sicaran Punisher,
sicaran-venator,Sicaran Venator,
sicarian,Sicarian,
sicarius,Sicarius,
sir-hekhtur,Sir Hekhtur,
sisters-of-battle-immolator,Sisters of Battle Immolator,
sisters-of-battle-squad,Sisters of Battle Squad,
skarbrand,Skarbrand,
skathach-wraithknight,Skathach Wraithknight,
skatros,Skatros,
skitarii,Skitarii,
skorchas,Skorchas,
skorpekh-destroyers,Skorpekh Destroyers,
skorpekh-lord,Skorpekh Lord,
skorpius-disintegrator,Skorpius Disintegrator,
skorpius-dunerider,Skorpius Dunerider,
skull-altar,Skull Altar,
skull-cannon,Skull Cannon,
skullmaster,Skullmaster,
skulltaker,Skulltaker,
sky-ray-gunship,Sky Ray Gunship,
sky-slasher-swarms,Sky-slasher Swarms,
skyclaws,Skyclaws,
skyrunner,Skyrunner,
skyshield-landing-pad,Skyshield Landing Pad,
skystalkers,Skystalkers,
skyweavers,Skyweavers,
slaanesh,Slaanesh,
slaanesh-battleline,Slaanesh Battleline,
slaanesh-non-battleline,Slaanesh non-Battleline,
slaughterbound,Slaughterbound,
sloppity-bilepiper,Sloppity Bilepiper,
sly-marbo,Sly Marbo,
smoke,Smoke,
sokar-pattern-stormbird,Sokar-pattern Stormbird,
solitaire,Solitaire,
sorcerer,Sorcerer,
sorcerer-in-terminator-armour,Sorcerer in Terminator Armour,
sorcerer-on-bike,Sorcerer on Bike,
sorcerous-champion,Sorcerous Champion,
sororitas-rhino,Sororitas Rhino,
soul-forge-tyrant,Soul Forge Tyrant,
spartan,Spartan,
spawn,Spawn,
spectrus-kill-team,Spectrus Kill Team,
speed-freeks,Speed Freeks,
spindle-drones,Spindle Drones,
spined-chaos-beast,Spined Chaos Beast,
spiritseer,Spiritseer,
spoilpox-scrivener,Spoilpox Scrivener,
sporocyst,Sporocyst,
spyders,Spyders,
squadron,Squadron,
squiggoth,Squiggoth,
squighog-boyz,Squighog Boyz,
stalker,Stalker,
star-weaver,Star Weaver,
starscythe,Starscythe,
stealth,Stealth,
steed-of-slaanesh,Steed of Slaanesh,
steeljack-elder,Steeljack Elder,
sternguard-veteran-squad,Sternguard Veteran Squad,
sterylizors,Sterylizors,
stompa,Stompa,
storm-chimera,Storm Chimera,
storm-eagle-gunship,Storm Eagle Gunship,
storm-guardians,Storm Guardians,
storm-speeder-hailstrike,Storm Speeder Hailstrike,
storm-speeder-hammerstrike,Storm Speeder Hammerstrike,
storm-speeder-thunderstrike,Storm Speeder Thunderstrike,
stormblade,Stormblade,
stormboyz,Stormboyz,
stormfang-gunship,Stormfang Gunship,
stormhawk-interceptor,Stormhawk Interceptor,
stormlord,Stormlord,
stormraven-gunship,Stormraven Gunship,
stormsurge,Stormsurge,
stormsword,Stormsword,
stormtalon-gunship,Stormtalon Gunship,
stormwolf,Stormwolf,
strike-squad,Strike Squad,
strike-team,Strike Team,
striking-scorpions,Striking Scorpions,
stygies-destroyer-tank-hunter,Stygies Destroyer Tank Hunter,
subductor-squad,Subductor Squad,
suboden-khan,Suboden Khan,
succubus,Succubus,
summoned,Summoned,
sun-shark-bomber,Sun Shark Bomber,
sunforge,Sunforge,
support-weapon,Support Weapon,
suppressor-squad,Suppressor Squad,
swarm,Swarm,
swooping-hawks,Swooping Hawks,
sydonian,Sydonian,
syll'esske,Syll'esske,
synapse,Synapse,
tx42-piranha,TX42 Piranha,
ta'unar-supremacy-armour,Ta'unar Supremacy Armour,
tactical-drones,Tactical Drones,
tactical-squad,Tactical Squad,
tacticus,Tacticus,
tallyman,Tallyman,
talonstrike-kill-team,Talonstrike Kill Team,
talos,Talos,
tankbustas,Tankbustas,
tarantula-air-defence-battery,Tarantula Air Defence Battery,
tarantula-battery,Tarantula Battery,
tarantula-sentry-battery,Tarantula Sentry Battery,
tauros,Tauros,
tauros-assault-vehicle,Tauros Assault Vehicle,
tauros-venator,Tauros Venator,
taurox,Taurox,
taurox-prime,Taurox Prime,
tech-priest,Tech-Priest,
tech-priest-enginseer,Tech-Priest Enginseer,
techmarine,Techmarine,
technoarcheologist,Technoarcheologist,
technomancer,Technomancer,
tectonic-fragdrill,Tectonic Fragdrill,
telemon-heavy-dreadnought,Telemon Heavy Dreadnought,
tempestus-aquilons,Tempestus Aquilons,
terminator,Terminator,
terminator-assault-squad,Terminator Assault Squad,
terminator-squad,Terminator Squad,
terminus-ultra,Terminus Ultra,
terrax-pattern-termite,Terrax-pattern Termite,
tervigon,Tervigon,
tesseract-ark,Tesseract Ark,
tesseract-vault,Tesseract Vault,
tetras,Tetras,
the-archivist,The Archivist,
the-blue-scribes,The Blue Scribes,
the-changeling,The Changeling,
the-masque-of-slaanesh,The Masque of Slaanesh,
the-sanguinor,The Sanguinor,
the-silent-king,The Silent King,
the-swarmlord,The Swarmlord,
the-twin-lance,The Twin Lance,
the-visarch,The Visarch,
the-yncarne,The Yncarne,
thulia-ghuld,Thulia Ghuld,
thunderfire-cannon,Thunderfire Cannon,
thunderhawk,Thunderhawk,
thunderhawk-gunship,Thunderhawk Gunship,
thunderhawk-transporter,Thunderhawk Transporter,
thunderkyn,Thunderkyn,
thunderwolf-cavalry,Thunderwolf Cavalry,
tidewall-droneport,Tidewall Droneport,
tidewall-gunrig,Tidewall Gunrig,
tidewall-shieldline,Tidewall Shieldline,
tiger-shark,Tiger Shark,
titanic,Titanic,
titus,Titus,
tomb-blades,Tomb Blades,
tomb-crawlers,Tomb Crawlers,
tomb-sentinel,Tomb Sentinel,
tomb-stalker,Tomb Stalker,
tor-garadon,Tor Garadon,
tormentbringer,Tormentbringer,
tormentors,Tormentors,
towering,Towering,
toxicrene,Toxicrene,
trail-shaper,Trail Shaper,
traitor-enforcer,Traitor Enforcer,
traitor-guardsmen-squad,Traitor Guardsmen Squad,
trajann-valoris,Trajann Valoris,
tranceweaver,Tranceweaver,
transcendent-c'tan,Transcendent C'tan,
transport,Transport,
trazyn-the-infinite,Trazyn the Infinite,
tri-lobe-vectors,Tri-lobe Vectors,
triarch,Triarch,
triarch-praetorians,Triarch Praetorians,
triarch-stalker,Triarch Stalker,
triarchal-overseer,Triarchal Overseer,
triumph-of-saint-katherine,Triumph of Saint Katherine,
trojan-support-vehicle,Trojan Support Vehicle,
troupe-master,Troupe Master,
trukk,Trukk,
trygon,Trygon,
tycho,Tycho,
tycho-the-lost,Tycho the Lost,
typhon,Typhon,
typhus,Typhus,
tyranid-prime-with-lash-whip,Tyranid Prime with Lash Whip,
tyranid-warriors,Tyranid Warriors,
tyranid-warriors-with-melee-bio-weapons,Tyranid Warriors with Melee Bio-weapons,
tyranid-warriors-with-ranged-bio-weapons,Tyranid Warriors with Ranged Bio-weapons,
tyrannic-war-veterans,Tyrannic War Veterans,
tyrannocyte,Tyrannocyte,
tyrannofex,Tyrannofex,
tyrant-guard,Tyrant Guard,
tzaangor-enlightened,Tzaangor Enlightened,
tzaangor-enlightened-with-fatecaster-greatbows,Tzaangor Enlightened with Fatecaster greatbows,
tzaangor-shaman,Tzaangor Shaman,
tzaangors,Tzaangors,
tzeentch,Tzeentch,
tzeentch-battleline,Tzeentch Battleline,
tzeentch-non-battleline,Tzeentch non-Battleline,
ur-025,UR-025,
ufthak-blackhawk,Ufthak Blackhawk,
ulrik-the-slayer,Ulrik the Slayer,
undivided,Undivided,
unit-champion,Unit Champion,
upstart-gretchin,Upstart Gretchin,
uriel-ventris,Uriel Ventris,
urien-rakarth,Urien Rakarth,
ursula-creed,Ursula Creed,
valdor,Valdor,
valerian,Valerian,
valkyrie,Valkyrie,
valkyrie-sky-talon,Valkyrie Sky Talon,
vampire-hunter,Vampire Hunter,
vampire-raider,Vampire Raider,
vanguard,Vanguard,
vanguard-invader,Vanguard Invader,
vanguard-veteran-squad,Vanguard Veteran Squad,
vanguard-veteran-squad-with-jump-packs,Vanguard Veteran Squad with Jump Packs,
vargard-obyron,Vargard Obyron,
vashtorr-the-arkifane,Vashtorr the Arkifane,
vehicle,Vehicle,
venatari-custodians,Venatari Custodians,
vendetta-gunship,Vendetta Gunship,
venerable,Venerable,
venerable-battle-brother,Venerable Battle-Brother,
venerable-contemptor-dreadnought,Venerable Contemptor Dreadnought,
venerable-daemon-slayer,Venerable Daemon Slayer,
venerable-dreadnought,Venerable Dreadnought,
venerable-land-raider,Venerable Land Raider,
vengeance-weapon-battery,Vengeance Weapon Battery,
venom,Venom,
venomcrawler,Venomcrawler,
venomthropes,Venomthropes,
vertus-praetors,Vertus Praetors,
vespid-stingwings,Vespid Stingwings,
veteran-bike-squad,Veteran Bike Squad,
vibro-cannon-platform,Vibro Cannon Platform,
vigilant-squad,Vigilant Squad,
vigilators,Vigilators,
vindicare-assassin,Vindicare Assassin,
vindicator,Vindicator,
vindicator-laser-destroyer,Vindicator Laser Destroyer,
voice-of-the-patriarch,Voice of the Patriarch,
void-shield-generator,Void Shield Generator,
voidfarer-character,Voidfarer Character,
voidfarers,Voidfarers,
voidraven,Voidraven,
voidsmen-at-arms,Voidsmen-at-Arms,
voidweaver,Voidweaver,
von-ryan's-leapers,Von Ryan's Leapers,
vortex-missile-strongpoint,Vortex Missile Strongpoint,
voss-pattern-lightning,Voss-pattern Lightning,
vulkan-he'stan,Vulkan He'stan,
vulture-gunship,Vulture Gunship,
walker,Walker,
wall-of-martyrs,Wall of Martyrs,
war-dog,War Dog,
war-shaper,War Shaper,
warbikers,Warbikers,
warboss,Warboss,
warboss-in-mega-armour,Warboss in Mega Armour,
warbringer-nemesis-titan,Warbringer Nemesis Titan,
warbuggies,Warbuggies,
wardens-of-ultramar,Wardens of Ultramar,
warglaive,Warglaive,
warhound-titan,Warhound Titan,
warlock,Warlock,
warlock-conclave,Warlock Conclave,
warlord-titan,Warlord Titan,
warp-hunter,Warp Hunter,
warp-spiders,Warp Spiders,
warp-talons,Warp Talons,
warphead,Warphead,
warpsmith,Warpsmith,
wartrakks,Wartrakks,
wasp-assault-walker,Wasp Assault Walker,
watch-captain-artemis,Watch Captain Artemis,
watch-master,Watch Master,
wave-serpent,Wave Serpent,
wazbom-blastajet,Wazbom Blastajet,
webway-gate,Webway Gate,
weirdboy,Weirdboy,
whirlwind,Whirlwind,
whirlwind-scorpius,Whirlwind Scorpius,
winged-hive-tyrant,Winged Hive Tyrant,
winged-tyranid-prime,Winged Tyranid Prime,
witchseekers,Witchseekers,
wolf-guard,Wolf Guard,
wolf-guard-battle-leader-in-terminator-armour,Wolf Guard Battle Leader in Terminator Armour,
wolf-guard-battle-leader-on-thunderwolf,Wolf Guard Battle Leader on Thunderwolf,
wolf-guard-pack-leader,Wolf Guard Pack Leader,
wolf-guard-pack-leader-in-terminator-armour,Wolf Guard Pack Leader in Terminator Armour,
wolf-guard-pack-leader-with-jump-pack,Wolf Guard Pack Leader with Jump Pack,
wolf-guard-terminators,Wolf Guard Terminators,
wolf-lord-on-thunderwolf,Wolf Lord on Thunderwolf,
wolf-priest,Wolf Priest,
wolf-scouts,Wolf Scouts,
wracks,Wracks,
wraith-construct,Wraith Construct,
wraithblades,Wraithblades,
wraithguard,Wraithguard,
wraithknight,Wraithknight,
wraithknight-with-ghostglaive,Wraithknight with Ghostglaive,
wraithlord,Wraithlord,
wraiths,Wraiths,
wraithseer,Wraithseer,
wulfen,Wulfen,
wulfen-with-storm-shields,Wulfen with Storm Shields,
wurrboy,Wurrboy,
wych-cult,Wych Cult,
wyches,Wyches,
wyvern,Wyvern,
xv9-hazard,XV9 Hazard,
xiphon-interceptor,Xiphon Interceptor,
y'vahra,Y'vahra,
ynnari,Ynnari,
yvraine,Yvraine,
zarakynel,Zarakynel,
zephyrim-squad,Zephyrim Squad,
zoanthropes,Zoanthropes,
zodgrod-wortsnagga,Zodgrod Wortsnagga,
ûthar-the-destined,Ûthar the Destined,
‘iron-hand’-straken,‘Iron Hand’ Straken,
